Date,Opponent,Goals,Penalties,Penalties drawn,Faceoffs,Faceoffs won,"Faceoffs won, %",Hits,Faceoffs in DZ,Faceoffs won in DZ,"Faceoffs won in DZ, %",Faceoffs in NZ,Faceoffs won in NZ,"Faceoffs won in NZ, %",Faceoffs in OZ,Faceoffs won in OZ,"Faceoffs won in OZ, %",Blocked shots,Faceoffs lost,Scoring chances,CORSI%,Hits against,Power play,Successful power play,"Power play, %",Short-handed,Penalty killing,"Short-handed, %",xG per shot,Opponent's xG per shot,Net xG (xG - Opponent's xG),xG conversion,xG (Expected goals),Opponent's xG,xG per goal,Opponent's xG per goal,Shots,Shots on goal,Shots blocking,Missed shots,% shots on goal,Slapshot,Wrist shot,Power play shots,Short-handed shots,Shootouts scored,Puck battles,Puck battles won,"Puck battles won, %",Puck battles in OZ,Puck battles in NZ,Puck battles in DZ,Dekes,Dekes successful,Dekes unsuccessful,"Dekes successful, %",Passes total,Accurate passes,"Accurate passes, %",Pre-shots passes,Dump ins,Dump outs,Passes to the slot,OZ play,OZ play with shots,"OZ play with shots, %",Counterattacks,Counter-attack with shots,"Counter-attack with shots, %",Takeaways,Takeaways in NZ,Takeaways in DZ,Puck losses,Puck losses in OZ,Puck losses in NZ,Puck losses in DZ,Retrievals,Power play retrievals,Penalty kill retrievals,EV OZ retrievals,EV DZ retrievals,Takeaways in OZ,Loose puck recovery,Opponentâ€™s dump-in retrievals,Entries,Entries via pass,Entries via dump in,Entries via stickhandling,Breakouts,Breakouts via pass,Breakouts via dump out,Breakouts via stickhandling,Type,Penalty time_minutes,Penalty time_seconds,Power play time_minutes,Power play time_seconds,Short-handed time_minutes,Short-handed time_seconds,Offensive play_minutes,Offensive play_seconds,Defensive play_minutes,Defensive play_seconds,OZ possession_minutes,OZ possession_seconds,NZ possession_minutes,NZ possession_seconds,DZ possession_minutes,DZ possession_seconds,isOpponent,isAway,OpponentScore,Outcome
2025-02-22,Neumann Knights,3,5,4,40,22,0.55,3,13,5,0.38,12,9,0.75,15,8,0.53,11,18,13,0.62,4,0.0,0.0,0.0,0.0,0.0,0.0,0.04,0.04,0.75,0.0,1.9,1.15,0.0,0.0,45,26,8,8,0.58,36,3,0.0,0.0,0,105,60,0.5700000000000001,0,0,0,16,11,5,0.6900000000000001,121,90,0.74,7,26,3,1,9,6,0.67,9,8,0.89,93,0,0,66,34,25,25,22,22,22,9.0,13.0,0,35,15,35,13,4,18,35,19,0,16,Even Strength,10,0,0,0,0,0,21,25,16,16,11,3,4,28,5,54,False,True,2,Win
2025-02-22,Hood,0,4,5,40,18,0.45,4,15,7,0.47000000000000003,12,3,0.25,13,8,0.62,8,22,10,0.38,3,0.0,0.0,0.0,0.0,0.0,0.0,0.04,0.04,-0.75,0.0,1.15,1.9,0.0,0.0,28,15,11,5,0.54,20,3,0.0,0.0,0,105,45,0.43,0,0,0,7,5,2,0.71,108,68,0.63,0,19,13,6,3,3,1.0,9,4,0.44,84,0,0,60,31,18,18,19,19,19,3.0,16.0,0,26,15,33,10,1,22,26,16,1,9,Even Strength,10,0,0,0,0,0,16,16,21,25,5,31,3,45,7,0,True,False,4,Loss
2025-02-21,Wilkes Colonels,1,1,2,56,23,0.41000000000000003,0,30,13,0.43,18,5,0.28,8,5,0.63,1,33,3,0.14,1,0.0,0.0,0.0,0.0,0.0,0.0,0.06,0.08,-5.3,0.0,0.81,6.0,0.0,0.0,13,11,18,1,0.85,10,1,0.0,0.0,0,214,103,0.48,0,0,0,3,2,1,0.67,156,101,0.65,1,16,24,1,1,1,1.0,6,3,0.5,104,0,0,86,32,27,27,19,19,19,4.0,15.0,0,27,10,20,3,1,16,31,11,3,17,Even Strength,2,0,0,0,0,0,15,25,32,11,2,29,3,7,9,50,False,False,7,Loss
2025-02-21,Hood,6,2,1,56,33,0.59,1,8,3,0.38,18,13,0.72,30,17,0.5700000000000001,18,23,39,0.86,0,0.0,0.0,0.0,0.0,0.0,0.0,0.08,0.06,5.3,0.0,6.0,0.81,0.0,0.0,80,52,1,10,0.65,46,10,0.0,0.0,0,214,111,0.52,0,0,0,12,9,3,0.75,299,250,0.84,15,26,4,12,37,24,0.65,6,4,0.67,111,0,0,70,48,17,17,31,31,31,26.0,5.0,0,39,10,47,13,6,28,30,17,1,12,Even Strength,2,0,0,0,0,0,32,11,15,25,19,54,5,12,7,4,True,True,1,Win
2025-02-14,Arcadia University Knights,1,3,3,40,17,0.43,0,24,10,0.42,12,4,0.33,4,3,0.75,4,23,6,0.17,0,0.0,0.0,0.0,0.0,0.0,0.0,0.04,0.06,-3.4,0.0,0.67,4.1,0.0,0.0,15,8,16,3,0.53,7,6,0.0,0.0,0,174,73,0.42,0,0,0,4,3,1,0.75,164,104,0.63,0,30,21,0,2,1,0.5,3,2,0.67,108,0,0,91,33,29,29,29,29,29,2.0,27.0,0,35,14,19,4,4,11,37,18,1,18,Even Strength,6,0,0,0,0,0,17,32,23,24,3,42,3,50,10,1,False,False,4,Loss
2025-02-14,Hood,4,3,3,40,23,0.5700000000000001,0,4,1,0.25,12,8,0.67,24,14,0.58,16,17,21,0.8300000000000001,0,0.0,0.0,0.0,0.0,0.0,0.0,0.06,0.04,3.4,0.0,4.1,0.67,0.0,0.0,72,36,4,20,0.5,45,14,0.0,0.0,0,174,101,0.58,0,0,0,20,10,10,0.5,255,181,0.71,6,24,3,10,23,18,0.78,9,5,0.56,111,0,0,72,53,15,15,16,16,16,12.0,4.0,0,42,17,50,13,3,34,36,27,0,9,Even Strength,6,0,0,0,0,0,23,24,17,32,13,29,5,4,4,51,True,True,1,Win
2025-02-08,Alvernia Wolves,0,5,2,33,14,0.42,1,13,5,0.38,13,6,0.46,7,3,0.43,4,19,1,0.38,2,0.0,0.0,0.0,0.0,0.0,0.0,0.03,0.05,-1.26,0.0,0.62,1.88,0.0,0.0,23,14,5,5,0.61,20,3,0.0,0.0,0,137,68,0.5,0,0,0,6,4,2,0.67,96,63,0.66,2,22,10,4,1,1,1.0,3,2,0.67,85,0,0,70,36,18,18,13,13,13,4.0,9.0,0,27,8,17,3,3,11,20,11,1,8,Even Strength,33,0,0,0,0,0,13,21,22,47,4,3,3,43,5,36,False,True,4,Loss
2025-02-08,Hood,3,2,5,33,19,0.58,2,7,4,0.5700000000000001,13,7,0.54,13,8,0.62,5,14,10,0.62,1,0.0,0.0,0.0,0.0,0.0,0.0,0.05,0.03,1.26,0.0,1.88,0.62,0.0,0.0,38,23,4,10,0.61,32,1,0.0,0.0,0,137,69,0.5,0,0,0,6,4,2,0.67,200,156,0.78,9,20,3,7,17,13,0.76,4,3,0.75,90,0,0,63,32,23,23,22,22,22,11.0,11.0,0,28,13,32,8,5,19,27,18,0,9,Even Strength,33,0,0,0,0,0,22,47,13,21,11,28,3,27,7,52,True,False,0,Win
2025-02-07,Stevenson Mustangs,3,2,4,41,19,0.46,1,13,4,0.31,15,7,0.47000000000000003,13,8,0.62,5,22,10,0.45,1,0.0,0.0,0.0,0.0,0.0,0.0,0.05,0.08,-1.53,0.0,1.9,3.4,0.0,0.0,35,26,6,4,0.74,5,28,0.0,0.0,0,103,56,0.54,0,0,0,6,4,2,0.67,180,119,0.66,2,35,17,5,8,7,0.88,12,6,0.5,117,0,0,88,58,12,12,23,23,23,10.0,13.0,0,39,9,35,11,6,18,33,19,1,13,Even Strength,4,0,0,0,0,0,21,8,23,1,9,18,3,54,7,56,False,False,7,Loss
2025-02-07,Hood,6,4,2,41,22,0.54,1,13,5,0.38,15,8,0.53,13,9,0.6900000000000001,6,19,22,0.55,1,0.0,0.0,0.0,0.0,0.0,0.0,0.08,0.05,1.53,0.0,3.4,1.9,0.0,0.0,42,23,5,13,0.55,4,29,0.0,0.0,0,103,47,0.46,0,0,0,11,5,6,0.45,212,148,0.7000000000000001,3,17,13,13,13,8,0.62,14,7,0.5,111,0,0,84,46,21,21,21,21,21,10.0,11.0,0,42,18,49,13,1,35,46,28,3,15,Even Strength,4,0,0,0,0,0,23,1,21,8,9,3,4,46,9,12,True,True,4,Win
2025-02-01,King's Monarchs,2,4,4,43,17,0.4,0,16,7,0.44,13,3,0.23,14,7,0.5,9,26,16,0.5,0,0.0,0.0,0.0,0.0,0.0,0.0,0.12,0.05,2.0,0.0,3.6,1.6,0.0,0.0,31,16,8,6,0.52,16,5,0.0,0.0,0,174,86,0.49,0,0,0,7,5,2,0.71,174,132,0.76,4,27,10,3,10,7,0.7000000000000001,6,1,0.17,85,0,0,75,38,20,20,17,17,17,8.0,9.0,0,23,8,35,10,1,24,42,28,0,14,Even Strength,8,0,0,0,0,0,20,13,17,47,7,12,4,14,8,47,False,True,3,Loss
2025-02-01,Hood,2,4,4,43,26,0.6,0,14,7,0.5,13,10,0.77,16,9,0.56,8,17,9,0.5,0,0.0,0.0,0.0,0.0,0.0,0.0,0.05,0.12,-2.0,0.0,1.6,3.6,0.0,0.0,31,18,9,5,0.58,17,6,0.0,0.0,0,174,88,0.51,0,0,0,3,1,2,0.33,155,118,0.76,7,16,6,6,9,6,0.67,4,1,0.25,91,0,0,67,34,20,20,13,13,13,6.0,7.0,0,32,18,31,8,2,21,25,17,0,8,Even Strength,8,0,0,0,0,0,17,47,20,13,7,55,3,47,6,6,True,False,2,Draw
2025-01-31,Lebanon Valley Flying Dutchmen,2,6,2,37,15,0.41000000000000003,1,17,4,0.24,15,9,0.6,5,2,0.4,10,22,7,0.38,0,0.0,0.0,0.0,0.0,0.0,0.0,0.04,0.06,-1.81,0.0,1.29,3.1,0.0,0.0,35,16,11,9,0.46,24,9,0.0,0.0,0,140,75,0.54,0,0,0,2,2,0,1.0,189,136,0.72,5,22,13,5,12,10,0.8300000000000001,4,4,1.0,90,0,0,70,34,24,24,23,23,23,8.0,15.0,0,28,8,32,5,6,21,32,17,1,14,Even Strength,12,0,0,0,0,0,18,3,21,48,6,18,3,40,8,5,False,False,6,Loss
2025-01-31,Hood,4,2,6,37,22,0.59,0,5,3,0.6,15,6,0.4,17,13,0.76,11,15,16,0.62,1,0.0,0.0,0.0,0.0,0.0,0.0,0.06,0.04,1.81,0.0,3.1,1.29,0.0,0.0,56,32,10,13,0.5700000000000001,34,16,0.0,0.0,0,140,65,0.46,0,0,0,6,5,1,0.8300000000000001,211,161,0.76,10,18,4,3,13,12,0.92,8,2,0.25,103,0,0,62,37,21,21,31,31,31,19.0,12.0,0,26,6,36,12,3,21,30,21,0,9,Even Strength,12,0,0,0,0,0,21,48,18,3,10,11,4,26,7,10,True,True,2,Win
2025-01-24,Neumann Knights,2,5,3,41,18,0.44,0,15,6,0.4,12,6,0.5,14,6,0.43,21,23,8,0.46,0,0.0,0.0,0.0,0.0,0.0,0.0,0.04,0.06,-1.35,0.0,1.81,3.2,0.0,0.0,45,17,17,7,0.38,13,24,0.0,0.0,0,175,96,0.55,0,0,0,14,6,8,0.43,218,163,0.75,3,22,14,2,18,16,0.89,4,4,1.0,94,0,0,64,30,25,25,23,23,23,10.0,13.0,0,34,11,29,4,3,22,42,25,0,17,Even Strength,10,0,0,0,0,0,23,35,21,21,9,22,5,20,8,53,False,False,4,Loss
2025-01-24,Hood,2,3,5,41,23,0.56,0,14,8,0.5700000000000001,12,6,0.5,15,9,0.6,17,18,17,0.54,0,0.0,0.0,0.0,0.0,0.0,0.0,0.06,0.04,1.35,0.0,3.2,1.81,0.0,0.0,53,27,21,9,0.51,26,20,0.0,0.0,0,175,79,0.45,0,0,0,15,11,4,0.73,202,143,0.71,6,25,9,5,14,12,0.86,10,5,0.5,97,0,0,68,44,14,14,18,18,18,14.0,4.0,0,32,14,41,14,5,22,32,12,0,20,Even Strength,10,0,0,0,0,0,21,21,23,35,11,16,4,43,5,23,True,True,3,Loss
2025-01-23,Neumann Knights,1,4,2,37,19,0.51,0,9,2,0.22,9,7,0.78,19,10,0.53,22,18,16,0.65,0,0.0,0.0,0.0,0.0,0.0,0.0,0.05,0.07,0.76,0.0,3.0,2.3,0.0,0.0,62,25,15,15,0.4,49,0,0.0,0.0,0,193,106,0.55,0,0,0,5,4,1,0.8,174,133,0.76,15,27,16,5,17,16,0.9400000000000001,2,1,0.5,83,0,0,54,24,21,21,30,30,30,21.0,9.0,0,44,8,31,7,6,18,30,20,2,8,Even Strength,8,0,0,0,0,0,22,21,17,40,12,59,3,9,6,13,False,False,0,Win
2025-01-23,Hood,0,2,4,37,18,0.49,0,19,9,0.47000000000000003,9,2,0.22,9,7,0.78,15,19,6,0.35000000000000003,0,0.0,0.0,0.0,0.0,0.0,0.0,0.07,0.05,-0.76,0.0,2.3,3.0,0.0,0.0,34,17,22,2,0.5,30,0,0.0,0.0,0,193,87,0.45,0,0,0,7,4,3,0.5700000000000001,132,97,0.73,4,27,23,2,9,8,0.89,5,3,0.6,83,0,0,61,28,17,17,20,20,20,8.0,12.0,0,46,12,26,3,5,18,26,11,0,15,Even Strength,8,0,0,0,0,0,17,40,22,21,7,14,3,44,6,42,True,True,1,Loss
2025-01-18,Lebanon Valley Flying Dutchmen,1,4,3,37,13,0.35000000000000003,0,16,5,0.31,10,4,0.4,11,4,0.36,12,24,4,0.37,0,0.0,0.0,0.0,0.0,0.0,0.0,0.03,0.08,-3.5,0.0,0.89,4.4,0.0,0.0,32,8,9,12,0.25,17,6,0.0,0.0,0,136,72,0.53,0,0,0,6,2,4,0.33,173,127,0.73,5,16,15,5,12,11,0.92,10,5,0.5,95,0,0,78,40,24,24,30,30,30,12.0,18.0,0,16,6,30,2,0,28,40,18,1,21,Even Strength,8,0,0,0,0,0,18,37,23,50,5,36,3,30,9,31,False,True,4,Loss
2025-01-18,Hood,1,3,4,37,24,0.65,0,11,7,0.64,10,6,0.6,16,11,0.6900000000000001,9,13,27,0.63,0,0.0,0.0,0.0,0.0,0.0,0.0,0.08,0.03,3.5,0.0,4.4,0.89,0.0,0.0,54,33,12,12,0.61,35,8,0.0,0.0,0,136,64,0.47000000000000003,0,0,0,14,8,6,0.5700000000000001,253,203,0.8,11,12,1,5,21,15,0.71,11,8,0.73,103,0,0,75,44,20,20,25,25,25,19.0,6.0,0,28,10,50,26,2,22,40,26,0,14,Even Strength,8,0,0,0,0,0,23,50,18,37,12,49,4,15,6,46,True,False,1,Draw
2025-01-17,Lebanon Valley Flying Dutchmen,0,2,3,39,10,0.26,0,22,5,0.23,8,2,0.25,9,3,0.33,6,29,5,0.24,0,0.0,0.0,0.0,0.0,0.0,0.0,0.04,0.08,-3.9,0.0,0.77,4.7,0.0,0.0,20,12,13,2,0.6,12,7,0.0,0.0,0,171,82,0.48,0,0,0,1,0,1,0.0,156,117,0.75,1,22,6,2,4,3,0.75,9,7,0.78,91,0,0,79,43,25,25,22,22,22,5.0,17.0,0,18,8,28,11,3,14,41,27,0,14,Even Strength,4,0,0,0,0,0,17,16,24,37,3,24,4,5,9,47,False,True,3,Loss
2025-01-17,Hood,2,3,2,39,29,0.74,0,9,6,0.67,8,6,0.75,22,17,0.77,13,10,28,0.76,0,0.0,0.0,0.0,0.0,0.0,0.0,0.08,0.04,3.9,0.0,4.7,0.77,0.0,0.0,62,44,6,5,0.71,40,9,0.0,0.0,0,171,89,0.52,0,0,0,16,11,5,0.6900000000000001,226,196,0.87,9,12,2,6,19,13,0.68,12,7,0.58,108,0,0,75,46,22,22,23,23,23,17.0,6.0,0,23,15,47,22,4,21,46,30,0,16,Even Strength,4,0,0,0,0,0,24,37,17,16,13,59,4,8,6,31,True,False,0,Win
2025-01-10,Alvernia Wolves,3,2,3,44,20,0.45,0,18,4,0.22,14,10,0.71,12,6,0.5,6,24,7,0.22,0,0.0,0.0,0.0,0.0,0.0,0.0,0.05,0.07,-4.3,0.0,1.14,5.5,0.0,0.0,22,14,19,2,0.64,1,13,0.0,0.0,0,176,73,0.41000000000000003,0,0,0,8,5,3,0.63,148,117,0.79,0,27,17,2,1,1,1.0,8,5,0.63,94,0,0,69,27,28,28,24,24,24,5.0,19.0,0,28,12,25,8,4,13,39,20,0,19,Even Strength,4,0,0,0,0,0,17,48,22,59,4,16,4,22,9,10,False,False,7,Loss
2025-01-10,Hood,7,3,2,44,24,0.55,0,12,6,0.5,14,4,0.29,18,14,0.78,19,20,27,0.78,0,0.0,0.0,0.0,0.0,0.0,0.0,0.07,0.05,4.3,0.0,5.5,1.14,0.0,0.0,77,35,6,23,0.45,19,44,0.0,0.0,0,176,103,0.59,0,0,0,16,14,2,0.88,165,132,0.8,12,31,8,3,16,14,0.88,8,7,0.88,100,0,0,54,32,14,14,27,27,27,21.0,6.0,0,51,18,47,12,10,25,35,20,0,15,Even Strength,4,0,0,0,0,0,22,59,17,48,13,34,4,37,4,48,True,True,3,Win
2025-01-09,Alvernia Wolves,0,1,0,38,18,0.47000000000000003,0,18,5,0.28,11,7,0.64,9,6,0.67,11,20,7,0.37,0,0.0,0.0,0.0,0.0,0.0,0.0,0.04,0.07,-2.7,0.0,1.3,4.0,0.0,0.0,36,13,18,12,0.36,21,6,0.0,0.0,0,265,129,0.49,0,0,0,5,4,1,0.8,162,131,0.81,8,30,21,4,8,8,1.0,6,4,0.67,115,0,0,96,41,39,39,19,19,19,9.0,10.0,0,41,16,33,7,5,21,38,22,0,16,Even Strength,2,0,0,0,0,0,22,23,25,53,6,2,5,22,10,58,False,False,3,Loss
2025-01-09,Hood,3,0,1,38,20,0.53,0,9,3,0.33,11,4,0.36,18,13,0.72,18,18,19,0.63,0,0.0,0.0,0.0,0.0,0.0,0.0,0.07,0.04,2.7,0.0,4.0,1.3,0.0,0.0,61,35,11,8,0.5700000000000001,40,7,0.0,0.0,0,265,136,0.51,0,0,0,12,6,6,0.5,210,177,0.84,8,24,14,2,19,18,0.9500000000000001,11,6,0.55,118,0,0,81,52,25,25,29,29,29,18.0,11.0,0,47,18,58,25,4,29,33,26,0,7,Even Strength,2,0,0,0,0,0,25,53,22,23,12,31,5,17,8,5,True,True,0,Win
2025-01-07,King's Monarchs,1,3,2,30,15,0.5,1,11,5,0.45,10,6,0.6,9,4,0.44,8,15,8,0.38,0,0.0,0.0,0.0,0.0,0.0,0.0,0.06,0.05,-0.58,0.0,1.75,2.3,0.0,0.0,27,9,9,10,0.33,21,3,0.0,0.0,0,181,94,0.52,0,0,0,14,6,8,0.43,192,151,0.79,3,22,11,4,7,6,0.86,1,0,0.0,100,0,0,85,46,24,24,21,21,21,7.0,14.0,0,29,10,35,11,5,19,38,24,1,13,Even Strength,6,0,0,0,0,0,21,14,22,23,7,44,4,29,9,1,False,False,4,Loss
2025-01-07,Hood,1,2,3,30,15,0.5,0,9,5,0.56,10,4,0.4,11,6,0.55,9,15,15,0.63,1,0.0,0.0,0.0,0.0,0.0,0.0,0.05,0.06,0.58,0.0,2.3,1.75,0.0,0.0,45,28,8,8,0.62,36,1,0.0,0.0,0,181,87,0.48,0,0,0,20,12,8,0.6,179,149,0.8300000000000001,3,20,10,2,13,9,0.6900000000000001,7,4,0.5700000000000001,108,0,0,76,47,16,16,16,16,16,10.0,6.0,0,34,11,47,13,1,33,37,23,2,12,Even Strength,6,0,0,0,0,0,22,23,21,14,10,1,4,43,7,38,True,True,1,Draw
2024-12-06,King's Monarchs,2,4,2,43,27,0.63,0,16,9,0.56,10,9,0.9,17,9,0.53,14,16,11,0.6,0,0.0,0.0,0.0,0.0,0.0,0.0,0.05,0.07,-0.1,0.0,2.3,2.4,0.0,0.0,52,23,6,15,0.44,13,31,0.0,0.0,0,176,86,0.49,0,0,0,19,15,4,0.79,151,120,0.79,14,17,5,7,13,12,0.92,6,2,0.33,98,0,0,68,35,18,18,22,22,22,13.0,9.0,0,26,12,34,8,3,23,38,18,0,20,Even Strength,10,0,0,0,0,0,21,9,18,47,9,48,4,34,6,47,False,False,0,Win
2024-12-06,Hood,0,2,4,43,16,0.37,0,17,8,0.47000000000000003,10,1,0.1,16,7,0.44,6,27,14,0.4,0,0.0,0.0,0.0,0.0,0.0,0.0,0.07,0.05,0.1,0.0,2.4,2.3,0.0,0.0,35,19,14,10,0.54,9,21,0.0,0.0,0,176,90,0.51,0,0,0,12,7,5,0.58,146,109,0.75,5,19,11,2,9,8,0.89,10,5,0.5,92,0,0,69,37,22,22,34,34,34,15.0,19.0,0,22,7,36,12,4,20,36,30,0,6,Even Strength,10,0,0,0,0,0,18,47,21,9,7,44,3,21,7,42,True,True,3,Loss
2024-12-01,Massachusetts College of Liberal Arts,1,3,2,41,13,0.32,1,18,8,0.44,6,0,0.0,17,5,0.29,11,28,9,0.44,2,0.0,0.0,0.0,0.0,0.0,0.0,0.04,0.04,-0.64,0.0,1.63,2.3,0.0,0.0,41,23,13,7,0.56,4,29,0.0,0.0,0,235,111,0.47000000000000003,0,0,0,11,9,2,0.8200000000000001,204,155,0.76,6,11,10,1,9,8,0.89,10,5,0.5,88,0,0,68,41,15,15,20,20,20,8.0,12.0,0,22,9,46,7,2,37,34,18,0,16,Even Strength,6,0,0,0,0,0,24,56,21,12,11,10,3,22,10,24,False,True,2,Loss
2024-12-01,Hood,1,2,3,41,28,0.68,2,17,12,0.71,6,6,1.0,18,10,0.56,13,13,10,0.56,1,0.0,0.0,0.0,0.0,0.0,0.0,0.04,0.04,0.64,0.0,2.3,1.63,0.0,0.0,52,28,11,11,0.54,18,28,0.0,0.0,0,235,124,0.53,0,0,0,10,8,2,0.8,174,131,0.75,5,15,8,2,9,8,0.89,8,5,0.63,98,0,0,70,38,22,22,25,25,25,12.0,13.0,0,22,5,40,8,3,29,32,16,0,16,Even Strength,6,0,0,0,0,0,21,12,24,56,10,33,3,18,7,21,True,False,1,Draw
2024-11-30,Massachusetts College of Liberal Arts,1,4,6,42,22,0.52,1,13,6,0.46,9,5,0.56,20,11,0.55,9,20,3,0.49,1,0.0,0.0,0.0,0.0,0.0,0.0,0.04,0.03,0.03,0.0,1.27,1.24,0.0,0.0,34,23,14,2,0.68,14,17,0.0,0.0,0,123,55,0.45,0,0,0,17,16,1,0.9400000000000001,137,101,0.74,2,14,19,2,10,6,0.6,7,5,0.71,94,0,0,73,42,20,20,16,16,16,8.0,8.0,0,32,12,31,3,5,23,31,13,0,18,Even Strength,8,0,0,0,0,0,19,44,17,12,7,6,3,6,9,33,False,True,2,Loss
2024-11-30,Hood,1,6,4,42,20,0.48,1,20,9,0.45,9,4,0.44,13,7,0.54,14,22,7,0.51,1,0.0,0.0,0.0,0.0,0.0,0.0,0.03,0.04,-0.03,0.0,1.24,1.27,0.0,0.0,36,16,9,6,0.44,17,14,0.0,0.0,0,123,68,0.55,0,0,0,14,9,5,0.64,121,85,0.7000000000000001,2,26,11,4,7,5,0.71,9,3,0.33,84,0,0,69,44,12,12,11,11,11,6.0,5.0,0,38,5,35,12,3,20,29,18,1,10,Even Strength,8,0,0,0,0,0,17,12,19,44,7,40,2,46,6,46,True,False,1,Draw
2024-11-24,Wilkes Colonels,0,5,4,42,16,0.38,0,23,9,0.39,15,5,0.33,4,2,0.5,0,26,3,0.12,0,0.0,0.0,0.0,0.0,0.0,0.0,0.05,0.08,-6.0,0.0,0.56,7.0,0.0,0.0,11,8,13,3,0.73,1,7,0.0,0.0,0,129,59,0.46,0,0,0,11,11,0,1.0,146,95,0.65,0,6,8,3,1,0,0.0,9,6,0.67,86,0,0,79,28,35,35,21,21,21,2.0,19.0,0,15,6,22,3,1,18,38,19,0,19,Even Strength,10,0,0,0,0,0,14,30,24,55,2,57,3,27,8,6,False,True,7,Loss
2024-11-24,Hood,6,4,5,42,26,0.62,0,4,2,0.5,15,10,0.67,23,14,0.61,13,16,42,0.88,0,0.0,0.0,0.0,0.0,0.0,0.0,0.08,0.05,6.0,0.0,7.0,0.56,0.0,0.0,80,50,0,17,0.63,10,45,0.0,0.0,0,129,70,0.54,0,0,0,38,38,0,1.0,214,177,0.8300000000000001,12,19,1,14,22,18,0.8200000000000001,10,5,0.5,105,0,0,56,47,7,7,34,34,34,27.0,7.0,0,19,3,58,20,5,33,29,25,0,5,Even Strength,10,0,0,0,0,0,24,55,14,30,15,37,4,9,5,9,True,False,1,Win
2024-11-23,Wilkes Colonels,0,2,5,39,15,0.38,2,24,8,0.33,11,6,0.55,4,1,0.25,3,24,3,0.1,3,0.0,0.0,0.0,0.0,0.0,0.0,0.05,0.07,-7.0,0.0,0.61,8.0,0.0,0.0,13,8,22,2,0.62,9,0,0.0,0.0,0,281,139,0.49,0,0,0,2,2,0,1.0,172,125,0.73,2,21,8,1,2,2,1.0,5,3,0.6,86,0,0,75,31,21,21,32,32,32,4.0,28.0,0,26,5,15,3,2,10,33,10,0,23,Even Strength,4,0,0,0,0,0,13,52,26,25,2,42,2,40,8,31,False,True,5,Loss
2024-11-23,Hood,5,5,2,39,24,0.62,3,4,3,0.75,11,5,0.45,24,16,0.67,22,15,44,0.9,2,0.0,0.0,0.0,0.0,0.0,0.0,0.07,0.05,7.0,0.0,8.0,0.61,0.0,0.0,111,61,3,28,0.55,77,4,0.0,0.0,0,281,142,0.51,0,0,0,4,3,1,0.75,230,192,0.8300000000000001,17,15,1,5,25,21,0.84,13,11,0.85,92,0,0,41,29,9,9,47,47,47,44.0,3.0,0,18,7,59,24,5,30,27,19,0,8,Even Strength,4,0,0,0,0,0,26,25,13,52,17,55,4,23,4,7,True,False,0,Win
2024-11-17,Stevenson Mustangs,1,3,4,34,20,0.59,1,14,10,0.71,12,4,0.33,8,6,0.75,10,14,5,0.33,1,0.0,0.0,0.0,0.0,0.0,0.0,0.04,0.06,-2.1,0.0,1.0,3.1,0.0,0.0,27,13,11,4,0.48,17,9,0.0,0.0,0,192,94,0.49,0,0,0,10,7,3,0.7000000000000001,143,102,0.71,3,28,17,0,5,4,0.8,4,2,0.5,93,0,0,78,41,18,18,23,23,23,8.0,15.0,0,31,9,31,11,6,14,43,26,0,17,Even Strength,6,0,0,0,0,0,18,46,22,16,5,44,3,57,9,4,False,True,4,Loss
2024-11-17,Hood,3,4,3,34,14,0.41000000000000003,1,8,2,0.25,12,8,0.67,14,4,0.29,11,20,13,0.67,1,0.0,0.0,0.0,0.0,0.0,0.0,0.06,0.04,2.1,0.0,3.1,1.0,0.0,0.0,54,36,10,7,0.67,28,12,0.0,0.0,0,192,98,0.51,0,0,0,28,19,9,0.68,199,156,0.78,4,17,7,8,12,10,0.8300000000000001,13,5,0.38,99,0,0,68,43,18,18,22,22,22,18.0,4.0,0,38,15,44,14,4,26,42,27,0,15,Even Strength,6,0,0,0,0,0,22,16,18,46,11,24,4,43,6,9,True,False,1,Win
2024-11-09,Arcadia University Knights,0,3,2,33,12,0.36,1,23,10,0.43,6,1,0.17,4,1,0.25,3,21,5,0.18,3,0.0,0.0,0.0,0.0,0.0,0.0,0.05,0.06,-3.6,0.0,0.78,4.4,0.0,0.0,15,7,20,5,0.47000000000000003,11,1,0.0,0.0,0,193,88,0.46,0,0,0,3,0,3,0.0,149,103,0.6900000000000001,3,14,10,1,4,2,0.5,4,3,0.75,79,0,0,66,21,24,24,21,21,21,4.0,17.0,0,16,7,21,6,2,13,33,18,0,15,Even Strength,6,0,0,0,0,0,15,29,27,5,3,31,3,2,8,56,False,True,4,Loss
2024-11-09,Hood,2,2,3,33,21,0.64,3,4,3,0.75,6,5,0.8300000000000001,23,13,0.5700000000000001,20,12,26,0.8200000000000001,1,0.0,0.0,0.0,0.0,0.0,0.0,0.06,0.05,3.6,0.0,4.4,0.78,0.0,0.0,69,36,3,13,0.52,54,7,0.0,0.0,0,193,105,0.54,0,0,0,22,18,4,0.8200000000000001,206,156,0.76,12,18,2,3,16,11,0.6900000000000001,4,1,0.25,99,0,0,51,34,13,13,23,23,23,15.0,8.0,0,28,6,50,10,5,35,32,19,0,13,Even Strength,6,0,0,0,0,0,27,5,15,29,15,18,5,30,6,17,True,False,0,Win
2024-11-08,Arcadia University Knights,0,3,2,35,12,0.34,0,20,6,0.3,9,3,0.33,6,3,0.5,9,23,7,0.28,0,0.0,0.0,0.0,0.0,0.0,0.0,0.04,0.07,-3.5,0.0,1.02,4.5,0.0,0.0,26,11,20,6,0.42,10,10,0.0,0.0,0,214,104,0.49,0,0,0,7,4,3,0.5700000000000001,140,104,0.74,4,28,43,1,7,6,0.86,9,4,0.44,91,0,0,75,37,25,25,25,25,25,8.0,17.0,0,59,26,25,8,4,13,31,17,3,11,Even Strength,6,0,0,0,0,0,17,1,25,15,5,10,3,58,7,54,False,True,3,Loss
2024-11-08,Hood,2,2,3,35,23,0.66,0,6,3,0.5,9,6,0.67,20,14,0.7000000000000001,20,12,27,0.72,0,0.0,0.0,0.0,0.0,0.0,0.0,0.07,0.04,3.5,0.0,4.5,1.02,0.0,0.0,68,39,9,9,0.5700000000000001,41,17,0.0,0.0,0,214,110,0.51,0,0,0,45,36,9,0.8,238,204,0.86,8,41,15,12,17,12,0.71,11,8,0.73,96,0,0,61,36,18,18,24,24,24,18.0,6.0,0,65,18,46,13,5,28,35,24,3,8,Even Strength,6,0,0,0,0,0,25,15,17,1,13,33,5,36,6,6,True,False,1,Win
2024-11-02,Hilbert College,4,4,1,29,16,0.55,1,10,4,0.4,8,6,0.75,11,6,0.55,11,13,15,0.67,2,0.0,0.0,0.0,0.0,0.0,0.0,0.05,0.07,0.75,0.0,2.2,1.43,0.0,0.0,43,26,8,6,0.6,24,10,0.0,0.0,0,135,67,0.5,0,0,0,3,1,2,0.33,115,94,0.8200000000000001,3,16,7,3,11,11,1.0,4,1,0.25,54,0,0,31,21,1,1,19,19,19,13.0,6.0,0,25,3,31,10,7,14,23,12,1,10,Even Strength,8,0,0,0,0,0,13,35,9,37,6,52,2,46,3,57,False,False,3,Win
2024-11-02,Hood,2,1,3,29,13,0.45,2,11,5,0.45,8,2,0.25,10,6,0.6,8,16,7,0.33,1,0.0,0.0,0.0,0.0,0.0,0.0,0.07,0.05,-0.75,0.0,1.43,2.2,0.0,0.0,21,9,11,4,0.43,10,3,0.0,0.0,0,135,68,0.5,0,0,0,7,5,2,0.71,70,45,0.64,2,7,6,1,2,2,1.0,3,3,1.0,51,0,0,38,20,12,12,10,10,10,3.0,7.0,0,10,9,18,8,1,9,22,10,0,12,Even Strength,8,0,0,0,0,0,9,37,13,35,3,7,2,1,4,28,True,True,4,Loss
2024-11-01,Hilbert College,3,3,2,55,31,0.56,0,16,8,0.5,15,9,0.6,24,14,0.58,12,24,25,0.63,1,0.0,0.0,0.0,0.0,0.0,0.0,0.06,0.04,2.6,0.0,4.3,1.72,0.0,0.0,71,50,9,9,0.7000000000000001,7,43,0.0,0.0,0,226,112,0.5,0,0,0,16,13,3,0.81,210,172,0.8200000000000001,8,19,15,7,13,12,0.92,5,4,0.8,103,0,0,63,30,21,21,38,38,38,25.0,13.0,0,38,5,40,10,4,26,30,15,2,13,Even Strength,6,0,0,0,0,0,24,41,17,7,12,25,4,43,7,33,False,False,2,Win
2024-11-01,Hood,2,2,3,55,24,0.44,1,24,10,0.42,15,6,0.4,16,8,0.5,9,31,9,0.37,0,0.0,0.0,0.0,0.0,0.0,0.0,0.04,0.06,-2.6,0.0,1.72,4.3,0.0,0.0,42,28,12,5,0.67,6,27,0.0,0.0,0,226,114,0.5,0,0,0,14,13,1,0.93,182,126,0.6900000000000001,5,11,23,1,3,3,1.0,8,4,0.5,98,0,0,68,28,24,24,22,22,22,7.0,15.0,0,29,11,30,6,3,21,24,13,0,11,Even Strength,6,0,0,0,0,0,17,7,24,41,6,40,3,25,7,2,True,True,3,Loss
2025-02-22,Neumann Knights,0,1,0,17,6,0.35000000000000003,0,16,6,0.38,1,0,0.0,0,0,0.0,0,11,0,0.0,1,0.0,0.0,0.0,5.0,3.0,0.6,0.06,0.0,0.0,0.0,0.63,0.0,0.0,0.0,2,1,5,1,0.5,2,0,0.0,2.0,0,22,14,0.64,0,0,0,0,0,0,0.0,6,4,0.67,3,2,13,0,0,0,0.0,1,1,1.0,18,0,0,12,0,0,0,5,5,5,0.0,0.0,0,2,0,1,0,0,1,4,1,0,3,Penalty Kill,2,0,0,0,11,3,1,33,7,46,0,19,0,22,0,51,False,True,2,Loss
2025-02-22,Hood,0,0,0,4,0,0.0,0,3,0,0.0,1,0,0.0,0,0,0.0,0,4,0,0.0,0,0.0,0.0,0.0,5.0,4.0,0.8,0.03,0.02,0.7,0.0,0.73,0.03,0.0,0.0,0,0,1,0,0.0,0,0,0.0,0.0,0,3,1,0.33,0,0,0,0,0,0,0.0,1,0,0.0,0,0,3,0,0,0,0.0,0,0,0.0,1,0,0,1,0,0,0,3,3,3,0.0,0.0,0,2,0,0,1,1,8,0,3,0,5,Penalty Kill,2,0,0,0,4,47,0,3,4,16,0,3,0,0,0,0,True,False,4,Loss
2025-02-21,Wilkes Colonels,0,1,0,2,1,0.5,0,2,1,0.5,0,0,0.0,0,0,0.0,0,1,0,0.0,0,0.0,0.0,0.0,2.0,1.0,0.5,0.08,0.16,0.02,0.0,0.34,0.32,0.0,0.0,0,0,2,0,0.0,0,0,0.0,0.0,0,7,3,0.43,0,0,0,0,0,0,0.0,2,2,1.0,0,1,3,0,0,0,0.0,0,0,0.0,2,0,0,2,0,0,0,0,0,0,0.0,0.0,0,0,0,0,2,0,1,1,1,0,2,Penalty Kill,2,0,0,0,3,4,0,16,2,32,0,0,0,3,0,13,False,False,7,Loss
2025-02-21,Hood,0,0,1,6,4,0.67,0,6,4,0.67,0,0,0.0,0,0,0.0,0,2,1,0.0,0,0.0,0.0,0.0,2.0,2.0,1.0,0.09,0.0,0.0,0.0,0.62,0.0,0.0,0.0,2,1,0,1,0.5,1,0,0.0,2.0,0,12,7,0.58,0,0,0,0,0,0,0.0,5,5,1.0,1,3,4,0,0,0,0.0,0,0,0.0,6,0,0,4,0,0,0,1,1,1,0.0,0.0,0,4,1,4,0,3,1,1,1,0,0,Penalty Kill,2,0,0,0,2,54,0,55,1,39,0,14,0,3,0,38,True,True,1,Loss
2025-02-14,Arcadia University Knights,0,0,0,7,1,0.14,0,7,1,0.14,0,0,0.0,0,0,0.0,0,6,1,0.0,0,0.0,0.0,0.0,5.0,5.0,1.0,0.07,0.03,0.51,0.0,0.58,0.07,0.0,0.0,1,1,7,0,1.0,1,0,0.0,1.0,0,8,6,0.75,0,0,0,0,0,0,0.0,5,3,0.6,0,0,9,0,0,0,0.0,1,1,1.0,5,0,0,4,0,0,0,6,6,6,0.0,0.0,0,1,0,1,3,0,2,1,5,0,0,Penalty Kill,0,0,0,0,6,22,0,26,5,33,0,3,0,3,0,20,False,False,4,Loss
2025-02-14,Hood,0,1,1,5,1,0.2,0,4,1,0.25,1,0,0.0,0,0,0.0,0,4,1,0.0,0,0.0,0.0,0.0,3.0,3.0,1.0,0.06,0.29,1.36,0.0,1.65,0.29,0.0,0.0,2,1,3,1,0.5,2,0,0.0,2.0,0,23,13,0.5700000000000001,0,0,0,0,0,0,0.0,12,10,0.8300000000000001,7,4,6,0,1,1,1.0,2,1,0.5,17,0,0,13,0,0,0,2,2,2,0.0,0.0,0,9,0,6,0,1,5,4,2,0,2,Penalty Kill,0,0,0,0,6,16,1,42,3,55,0,26,0,25,0,51,True,True,1,Loss
2025-02-08,Alvernia Wolves,0,1,1,9,3,0.33,1,9,3,0.33,0,0,0.0,0,0,0.0,0,6,0,0.0,0,0.0,0.0,0.0,8.0,7.0,0.88,0.03,0.22,-0.13,0.0,0.09,0.22,0.0,0.0,0,0,13,0,0.0,0,0,0.0,0.0,0,24,9,0.38,0,0,0,0,0,0,0.0,12,2,0.17,0,3,16,0,0,0,0.0,0,0,0.0,12,0,0,10,0,0,0,5,5,5,0.0,0.0,0,4,1,2,0,1,1,1,0,0,1,Penalty Kill,2,0,0,0,14,41,1,4,12,35,0,6,0,7,0,51,False,True,4,Loss
2025-02-08,Hood,0,0,1,4,0,0.0,0,3,0,0.0,0,0,0.0,1,0,0.0,0,4,1,0.0,0,0.0,0.0,0.0,3.0,3.0,1.0,0.03,0.0,0.0,0.0,1.1,0.0,0.0,0.0,1,1,0,0,1.0,0,0,0.0,1.0,0,15,6,0.4,0,0,0,1,1,0,1.0,3,1,0.33,0,1,3,0,0,0,0.0,1,1,1.0,8,0,0,6,0,0,0,0,0,0,0.0,0.0,0,1,1,2,1,0,10,2,3,0,4,Penalty Kill,2,0,0,0,3,53,1,19,2,10,0,17,0,6,0,57,True,False,0,Draw
2025-02-07,Stevenson Mustangs,0,0,0,4,3,0.75,0,2,1,0.5,2,2,1.0,0,0,0.0,0,1,0,0.0,0,0.0,0.0,0.0,3.0,2.0,0.67,0.07,0.18,0.54,0.0,0.72,0.18,0.0,0.0,0,0,0,0,0.0,0,0,0.0,0.0,0,2,1,0.5,0,0,0,0,0,0,0.0,0,0,0.0,0,0,4,0,0,0,0.0,0,0,0.0,4,0,0,1,0,0,0,0,0,0,0.0,0.0,0,1,0,0,1,1,3,0,3,0,1,Penalty Kill,0,0,0,0,2,10,0,6,1,45,0,0,0,0,0,6,False,False,7,Loss
2025-02-07,Hood,0,0,0,6,2,0.33,0,5,2,0.4,0,0,0.0,1,0,0.0,0,4,1,0.0,0,0.0,0.0,0.0,4.0,3.0,0.75,0.01,0.0,0.0,0.0,0.01,0.0,0.0,0.0,1,1,2,0,1.0,0,1,0.0,1.0,0,7,3,0.43,0,0,0,1,1,0,1.0,9,5,0.56,0,3,9,1,1,1,1.0,0,0,0.0,10,0,0,8,0,0,0,3,3,3,0.0,0.0,0,3,0,4,0,0,4,3,2,0,1,Penalty Kill,0,0,0,0,6,34,1,42,4,5,0,27,0,21,0,54,True,True,4,Loss
2025-02-01,King's Monarchs,0,1,0,8,2,0.25,1,7,2,0.29,1,0,0.0,0,0,0.0,0,6,1,0.0,0,0.0,0.0,0.0,6.0,5.0,0.8300000000000001,0.06,0.16,0.64,0.0,0.8,0.16,0.0,0.0,1,0,4,1,0.0,0,1,0.0,1.0,0,14,10,0.71,0,0,0,0,0,0,0.0,2,0,0.0,2,3,13,0,0,0,0.0,0,0,0.0,4,0,0,1,0,0,0,4,4,4,0.0,0.0,0,8,1,3,0,2,1,0,0,0,0,Penalty Kill,2,0,0,0,7,52,0,25,6,50,0,11,0,10,0,4,False,True,3,Loss
2025-02-01,Hood,0,0,0,7,4,0.5700000000000001,0,6,3,0.5,1,1,1.0,0,0,0.0,0,3,1,0.0,0,0.0,0.0,0.0,8.0,8.0,1.0,0.05,0.12,0.79,0.0,0.91,0.12,0.0,0.0,1,1,6,0,1.0,0,0,0.0,1.0,0,24,13,0.54,0,0,0,2,2,0,1.0,6,4,0.67,0,2,9,0,0,0,0.0,1,0,0.0,16,0,0,12,0,0,0,2,2,2,0.0,0.0,0,4,1,4,0,0,5,4,6,0,2,Penalty Kill,2,0,0,0,8,0,1,39,5,27,0,29,0,13,0,57,True,False,2,Loss
2025-01-31,Lebanon Valley Flying Dutchmen,0,0,0,13,2,0.15,0,12,2,0.17,0,0,0.0,1,0,0.0,0,11,0,0.0,0,0.0,0.0,0.0,6.0,4.0,0.67,0.05,0.04,0.19,0.0,0.32,0.13,0.0,0.0,0,0,10,0,0.0,0,0,0.0,0.0,0,16,7,0.44,0,0,0,0,0,0,0.0,5,4,0.8,0,2,10,1,0,0,0.0,0,0,0.0,6,0,0,5,0,0,0,3,3,3,0.0,0.0,0,1,0,0,1,0,2,2,1,0,2,Penalty Kill,0,0,0,0,9,39,0,46,7,58,0,9,0,7,0,30,False,False,6,Loss
2025-01-31,Hood,0,0,0,4,2,0.5,0,3,1,0.33,0,0,0.0,1,1,1.0,0,2,2,0.0,0,0.0,0.0,0.0,3.0,3.0,1.0,0.03,0.0,0.0,0.0,1.11,0.0,0.0,0.0,3,3,0,0,1.0,3,0,0.0,3.0,0,10,3,0.3,0,0,0,0,0,0,0.0,8,4,0.5,3,1,1,0,0,0,0.0,2,2,1.0,9,0,0,3,0,0,0,3,3,3,0.0,0.0,0,11,2,4,2,1,1,3,2,0,1,Penalty Kill,0,0,0,0,4,0,0,55,2,39,0,26,0,2,0,26,True,True,2,Loss
2025-01-24,Neumann Knights,0,0,0,11,3,0.27,0,10,3,0.3,0,0,0.0,1,0,0.0,1,8,1,0.0,0,0.0,0.0,0.0,5.0,4.0,0.8,0.03,0.15,0.21,0.0,0.36,0.15,0.0,0.0,2,1,2,0,0.5,0,2,0.0,2.0,0,15,9,0.6,0,0,0,2,1,1,0.5,17,11,0.65,0,2,7,0,0,0,0.0,1,1,1.0,11,0,0,9,0,0,0,10,10,10,0.0,0.0,0,3,0,3,1,2,3,3,3,0,1,Penalty Kill,0,0,0,0,8,49,2,25,5,34,0,40,0,25,1,20,False,False,4,Loss
2025-01-24,Hood,0,0,0,6,2,0.33,0,4,2,0.5,1,0,0.0,1,0,0.0,0,4,1,0.0,0,0.0,0.0,0.0,4.0,3.0,0.75,0.05,0.04,0.85,0.0,0.92,0.07,0.0,0.0,1,1,2,0,1.0,0,0,0.0,1.0,0,9,6,0.67,0,0,0,0,0,0,0.0,2,0,0.0,3,1,4,0,0,0,0.0,1,1,1.0,6,0,0,3,0,0,0,3,3,3,0.0,0.0,0,6,1,1,0,0,1,1,0,0,1,Penalty Kill,0,0,0,0,4,11,0,25,3,22,0,3,0,3,0,19,True,True,3,Loss
2025-01-23,Neumann Knights,0,1,0,8,2,0.25,0,8,2,0.25,0,0,0.0,0,0,0.0,0,6,0,0.0,0,0.0,0.0,0.0,4.0,4.0,1.0,0.05,0.0,0.0,0.0,1.0,0.0,0.0,0.0,0,0,8,0,0.0,0,0,0.0,0.0,0,16,9,0.56,0,0,0,0,0,0,0.0,2,2,1.0,0,1,10,0,0,0,0.0,1,0,0.0,7,0,0,6,0,0,0,3,3,3,0.0,0.0,0,3,0,1,1,2,0,0,1,0,0,Penalty Kill,2,0,0,0,8,0,0,55,6,40,0,13,0,2,0,40,False,False,0,Draw
2025-01-23,Hood,0,1,0,10,3,0.3,0,9,2,0.22,1,1,1.0,0,0,0.0,0,7,0,0.0,0,0.0,0.0,0.0,3.0,3.0,1.0,0.04,0.0,0.0,0.0,0.91,0.0,0.0,0.0,0,0,7,0,0.0,0,0,0.0,0.0,0,16,8,0.5,0,0,0,0,0,0,0.0,3,3,1.0,6,0,7,0,0,0,0.0,0,0,0.0,4,0,0,2,0,0,0,4,4,4,0.0,0.0,0,8,1,0,0,0,0,0,0,0,0,Penalty Kill,2,0,0,0,4,50,0,7,4,14,0,0,0,0,0,7,True,True,1,Loss
2025-01-18,Lebanon Valley Flying Dutchmen,0,0,0,8,2,0.25,0,8,2,0.25,0,0,0.0,0,0,0.0,0,6,1,0.0,0,0.0,0.0,0.0,4.0,2.0,0.5,0.04,0.12,0.04,0.0,0.27,0.23,0.0,0.0,1,0,4,1,0.0,0,1,0.0,1.0,0,4,1,0.25,0,0,0,0,0,0,0.0,6,4,0.67,1,1,3,0,0,0,0.0,1,1,1.0,5,0,0,4,0,0,0,1,1,1,0.0,0.0,0,12,2,1,1,0,0,2,1,1,0,Penalty Kill,0,0,0,0,5,2,0,40,3,44,0,4,0,4,0,32,False,True,4,Loss
2025-01-18,Hood,1,0,0,8,3,0.38,0,5,2,0.4,3,1,0.33,0,0,0.0,0,5,1,0.0,0,0.0,0.0,0.0,3.0,3.0,1.0,0.12,0.29,2.1,0.0,2.4,0.29,0.0,0.0,2,2,2,0,1.0,1,0,0.0,2.0,0,16,7,0.44,0,0,0,1,0,1,0.0,9,5,0.56,0,2,9,0,0,0,0.0,0,0,0.0,8,0,0,7,0,0,0,4,4,4,0.0,0.0,0,4,2,3,2,0,1,2,2,0,0,Penalty Kill,0,0,0,0,6,0,0,51,4,24,0,15,0,11,0,25,True,False,1,Draw
2025-01-17,Lebanon Valley Flying Dutchmen,0,0,0,6,1,0.17,0,3,1,0.33,2,0,0.0,1,0,0.0,0,5,0,0.0,0,0.0,0.0,0.0,4.0,4.0,1.0,0.05,0.17,-0.05,0.0,0.29,0.34,0.0,0.0,0,0,3,0,0.0,0,0,0.0,0.0,0,6,4,0.67,0,0,0,0,0,0,0.0,5,3,0.6,3,0,9,0,0,0,0.0,0,0,0.0,4,0,0,3,0,0,0,1,1,1,0.0,0.0,0,3,0,0,0,0,0,0,0,0,0,Penalty Kill,0,0,0,0,5,0,0,18,3,57,0,0,0,0,0,18,False,True,3,Loss
2025-01-17,Hood,1,0,1,6,4,0.67,0,5,4,0.8,1,0,0.0,0,0,0.0,0,2,2,0.0,0,0.0,0.0,0.0,3.0,3.0,1.0,0.07,0.0,0.0,0.0,0.63,0.0,0.0,0.0,2,2,0,0,1.0,2,0,0.0,2.0,0,17,8,0.47000000000000003,0,0,0,1,1,0,1.0,6,2,0.33,0,1,2,0,1,0,0.0,0,0,0.0,9,0,0,3,0,0,0,2,2,2,0.0,0.0,0,1,0,3,5,0,4,1,3,0,0,Penalty Kill,0,0,0,0,5,0,1,35,2,40,0,34,0,8,0,53,True,False,0,Win
2025-01-10,Alvernia Wolves,0,0,0,4,2,0.5,0,4,2,0.5,0,0,0.0,0,0,0.0,0,2,0,0.0,0,0.0,0.0,0.0,2.0,2.0,1.0,0.14,0.09,0.1,0.0,0.28,0.18,0.0,0.0,0,0,3,0,0.0,0,0,0.0,0.0,0,7,5,0.71,0,0,0,0,0,0,0.0,3,1,0.33,0,0,5,0,0,0,0.0,0,0,0.0,3,0,0,2,0,0,0,2,2,2,0.0,0.0,0,2,0,0,1,2,1,0,3,0,1,Penalty Kill,0,0,0,0,4,0,0,15,3,27,0,0,0,0,0,15,False,False,7,Loss
2025-01-10,Hood,0,0,0,5,3,0.6,0,4,3,0.75,1,0,0.0,0,0,0.0,0,2,2,0.0,0,0.0,0.0,0.0,3.0,3.0,1.0,0.05,0.0,0.0,0.0,0.61,0.0,0.0,0.0,2,2,0,0,1.0,0,1,0.0,2.0,0,11,6,0.55,0,0,0,1,1,0,1.0,4,2,0.5,1,2,14,0,0,0,0.0,0,0,0.0,8,0,0,6,0,0,0,2,2,2,0.0,0.0,0,5,0,1,0,0,1,0,0,0,0,Penalty Kill,0,0,0,0,6,0,0,47,4,28,0,6,0,2,0,40,True,True,3,Loss
2025-01-09,Alvernia Wolves,0,1,0,8,0,0.0,0,8,0,0.0,0,0,0.0,0,0,0.0,0,8,0,0.0,0,0.0,0.0,0.0,3.0,3.0,1.0,0.0,0.0,0.0,0.0,0.0,0.0,0.0,0.0,0,0,3,0,0.0,0,0,0.0,0.0,0,11,6,0.55,0,0,0,0,0,0,0.0,0,0,0.0,0,0,3,0,0,0,0.0,0,0,0.0,2,0,0,2,0,0,0,3,3,3,0.0,0.0,0,0,0,0,0,0,0,0,0,0,0,Penalty Kill,2,0,0,0,3,54,0,12,3,13,0,0,0,0,0,12,False,False,3,Loss
2025-01-09,Hood,0,0,0,0,0,0.0,0,0,0,0.0,0,0,0.0,0,0,0.0,0,0,0,0.0,0,0.0,0.0,0.0,0.0,0.0,0.0,0.05,0.0,0.0,0.0,0.86,0.0,0.0,0.0,0,0,0,0,0.0,0,0,0.0,0.0,0,0,0,0.0,0,0,0,0,0,0,0.0,0,0,0.0,1,0,0,0,0,0,0.0,0,0,0.0,0,0,0,0,0,0,0,0,0,0,0.0,0.0,0,2,0,0,0,0,0,0,0,0,0,Penalty Kill,2,0,0,0,0,0,0,0,0,0,0,0,0,0,0,0,True,True,0,Draw
2025-01-07,King's Monarchs,0,0,0,4,0,0.0,0,3,0,0.0,1,0,0.0,0,0,0.0,0,4,0,0.0,0,0.0,0.0,0.0,4.0,1.0,0.25,0.05,0.11,0.26,0.0,0.37,0.11,0.0,0.0,0,0,2,0,0.0,0,0,0.0,0.0,0,13,5,0.38,0,0,0,0,0,0,0.0,1,1,1.0,0,0,5,0,0,0,0.0,0,0,0.0,3,0,0,3,0,0,0,0,0,0,0.0,0.0,0,1,1,0,0,1,8,0,3,0,5,Penalty Kill,0,0,0,0,3,13,0,24,2,42,0,0,0,13,0,11,False,False,4,Loss
2025-01-07,Hood,0,1,0,7,2,0.29,0,5,2,0.4,1,0,0.0,1,0,0.0,0,5,1,0.0,0,0.0,0.0,0.0,2.0,2.0,1.0,0.06,0.0,0.0,0.0,0.49,0.0,0.0,0.0,1,1,4,0,1.0,1,0,0.0,1.0,0,14,10,0.71,0,0,0,0,0,0,0.0,2,2,1.0,4,2,10,0,0,0,0.0,1,1,1.0,8,0,0,6,0,0,0,1,1,1,0.0,0.0,0,5,0,3,0,1,2,3,0,1,2,Penalty Kill,0,0,0,0,5,8,0,53,3,38,0,12,0,15,0,26,True,True,1,Loss
2024-12-06,King's Monarchs,1,1,0,10,3,0.3,0,8,3,0.38,2,0,0.0,0,0,0.0,0,7,2,0.0,0,0.0,0.0,0.0,5.0,5.0,1.0,0.06,0.0,0.0,0.0,0.48,0.0,0.0,0.0,2,2,6,0,1.0,1,1,0.0,2.0,0,20,11,0.55,0,0,0,0,0,0,0.0,3,2,0.67,0,1,10,0,0,0,0.0,1,1,1.0,14,0,0,8,0,0,0,4,4,4,0.0,0.0,0,6,0,2,0,2,1,1,3,0,0,Penalty Kill,2,0,0,0,8,57,1,30,6,36,0,19,0,13,0,58,False,False,0,Win
2024-12-06,Hood,0,0,0,6,1,0.17,0,4,1,0.25,2,0,0.0,0,0,0.0,0,5,0,0.0,0,0.0,0.0,0.0,3.0,3.0,1.0,0.05,0.17,0.64,0.0,0.98,0.34,0.0,0.0,0,0,0,0,0.0,0,0,0.0,0.0,0,8,5,0.63,0,0,0,0,0,0,0.0,3,1,0.33,2,5,5,0,0,0,0.0,0,0,0.0,3,0,0,3,0,0,0,2,2,2,0.0,0.0,0,5,0,0,0,0,0,1,0,0,1,Penalty Kill,2,0,0,0,4,0,0,13,3,15,0,0,0,3,0,10,True,True,3,Loss
2024-12-01,Massachusetts College of Liberal Arts,0,0,0,7,3,0.43,0,5,3,0.6,1,0,0.0,1,0,0.0,0,4,0,0.0,0,0.0,0.0,0.0,4.0,4.0,1.0,0.02,0.08,-0.18,0.0,0.07,0.25,0.0,0.0,0,0,5,0,0.0,0,0,0.0,0.0,0,12,10,0.8300000000000001,0,0,0,1,0,1,0.0,3,2,0.67,0,6,12,0,0,0,0.0,0,0,0.0,7,0,0,8,0,0,0,2,2,2,0.0,0.0,0,9,3,2,0,2,0,1,1,0,0,Penalty Kill,0,0,0,0,6,0,1,0,4,34,0,5,0,10,0,45,False,True,2,Loss
2024-12-01,Hood,1,0,0,3,2,0.67,0,2,2,1.0,1,0,0.0,0,0,0.0,0,1,2,0.0,0,0.0,0.0,0.0,2.0,2.0,1.0,0.03,0.0,0.0,0.0,0.25,0.0,0.0,0.0,3,3,1,0,1.0,1,1,0.0,3.0,0,9,5,0.56,0,0,0,0,0,0,0.0,2,2,1.0,0,5,5,0,0,0,0.0,1,0,0.0,10,0,0,7,0,0,0,1,1,1,0.0,0.0,0,2,0,2,1,0,7,3,3,0,4,Penalty Kill,0,0,0,0,4,0,1,7,2,9,0,18,0,26,0,23,True,False,1,Draw
2024-11-30,Massachusetts College of Liberal Arts,0,0,0,6,3,0.5,0,3,1,0.33,2,2,1.0,1,0,0.0,0,3,1,0.0,0,0.0,0.0,0.0,4.0,3.0,0.75,0.04,0.07,0.44,0.0,0.65,0.21,0.0,0.0,1,1,1,0,1.0,1,0,0.0,1.0,0,16,10,0.63,0,0,0,3,3,0,1.0,5,3,0.6,0,0,14,0,1,1,1.0,0,0,0.0,7,0,0,4,0,0,0,5,5,5,0.0,0.0,0,13,3,1,0,0,1,1,1,0,0,Penalty Kill,0,0,0,0,6,45,1,2,4,56,0,16,0,8,0,39,False,True,2,Loss
2024-11-30,Hood,0,1,1,15,3,0.2,1,11,3,0.27,1,0,0.0,3,0,0.0,0,12,1,0.0,1,0.0,0.0,0.0,6.0,6.0,1.0,0.07,0.15,0.81,0.0,0.96,0.15,0.0,0.0,3,3,10,0,1.0,0,2,0.0,3.0,0,34,21,0.62,0,0,0,8,6,2,0.75,12,8,0.67,0,6,11,0,0,0,0.0,2,1,0.5,18,0,0,14,0,0,0,3,3,3,0.0,0.0,0,11,3,7,4,0,6,2,3,0,3,Penalty Kill,0,0,0,0,10,59,3,0,6,30,0,58,0,24,1,37,True,False,1,Loss
2024-11-24,Wilkes Colonels,1,0,0,11,7,0.64,0,8,5,0.63,3,2,0.67,0,0,0.0,0,4,2,0.0,0,0.0,0.0,0.0,7.0,6.0,0.86,0.04,0.1,0.06,0.0,0.26,0.2,0.0,0.0,2,2,6,0,1.0,0,1,0.0,2.0,0,7,3,0.43,0,0,0,2,2,0,1.0,6,1,0.17,0,1,7,0,0,0,0.0,0,0,0.0,13,0,0,11,0,0,0,3,3,3,0.0,0.0,0,6,1,1,0,0,1,0,0,0,0,Penalty Kill,0,0,0,0,8,40,0,59,6,56,0,7,0,4,0,47,False,True,7,Loss
2024-11-24,Hood,0,0,1,4,2,0.5,0,4,2,0.5,0,0,0.0,0,0,0.0,0,2,2,0.0,0,0.0,0.0,0.0,3.0,3.0,1.0,0.06,0.25,1.06,0.0,1.57,0.51,0.0,0.0,2,1,1,1,0.5,0,2,0.0,2.0,0,16,9,0.56,0,0,0,0,0,0,0.0,10,6,0.6,0,2,8,0,0,0,0.0,0,0,0.0,10,0,0,7,0,0,0,2,2,2,0.0,0.0,0,7,2,2,4,0,10,1,1,0,2,Penalty Kill,0,0,0,0,5,36,1,50,2,59,0,32,0,21,0,56,True,False,1,Loss
2024-11-23,Wilkes Colonels,0,0,0,8,3,0.38,0,8,3,0.38,0,0,0.0,0,0,0.0,0,5,0,0.0,0,0.0,0.0,0.0,3.0,3.0,1.0,0.02,0.04,-0.3,0.0,0.04,0.34,0.0,0.0,0,0,3,0,0.0,0,0,0.0,0.0,0,9,7,0.78,0,0,0,0,0,0,0.0,2,1,0.5,0,1,1,0,0,0,0.0,0,0,0.0,6,0,0,3,0,0,0,5,5,5,0.0,0.0,0,6,2,0,0,0,0,1,0,0,1,Penalty Kill,0,0,0,0,4,51,0,41,3,34,0,3,0,0,0,38,False,True,5,Loss
2024-11-23,Hood,0,0,1,9,7,0.78,0,6,4,0.67,0,0,0.0,3,3,1.0,2,2,4,0.0,1,0.0,0.0,0.0,5.0,5.0,1.0,0.06,0.0,0.0,0.0,1.21,0.0,0.0,0.0,8,5,1,1,0.63,5,0,0.0,8.0,0,34,21,0.62,0,0,0,3,3,0,1.0,19,15,0.79,3,2,6,0,1,0,0.0,2,1,0.5,24,0,0,18,0,0,0,3,3,3,0.0,0.0,0,7,4,6,1,0,4,3,0,0,3,Penalty Kill,0,0,0,0,8,51,3,27,4,22,1,34,0,23,1,31,True,False,0,Draw
2024-11-17,Stevenson Mustangs,0,0,0,4,1,0.25,0,4,1,0.25,0,0,0.0,0,0,0.0,0,3,1,0.0,0,0.0,0.0,0.0,4.0,3.0,0.75,0.04,0.01,0.7,0.0,0.71,0.01,0.0,0.0,1,1,2,0,1.0,1,0,0.0,1.0,0,11,6,0.55,0,0,0,2,1,1,0.5,3,2,0.67,0,1,3,0,0,0,0.0,0,0,0.0,5,0,0,3,0,0,0,1,1,1,0.0,0.0,0,12,2,1,1,0,0,1,0,0,1,Penalty Kill,0,0,0,0,4,7,0,38,3,7,0,4,0,8,0,26,False,True,4,Loss
2024-11-17,Hood,0,0,0,11,7,0.64,0,8,4,0.5,2,2,1.0,1,1,1.0,0,4,0,0.0,1,0.0,0.0,0.0,6.0,6.0,1.0,0.05,0.04,0.29,0.0,0.33,0.04,0.0,0.0,1,0,6,1,0.0,0,1,0.0,1.0,0,17,5,0.29,0,0,0,0,0,0,0.0,7,3,0.43,0,2,10,0,0,0,0.0,0,0,0.0,14,0,0,9,0,0,0,6,6,6,0.0,0.0,0,1,0,1,1,0,5,2,4,0,0,Penalty Kill,0,0,0,0,7,59,0,52,6,2,0,9,0,15,0,29,True,False,1,Loss
2024-11-09,Arcadia University Knights,0,1,0,9,2,0.22,0,8,2,0.25,1,0,0.0,0,0,0.0,0,7,0,0.0,0,0.0,0.0,0.0,4.0,3.0,0.75,0.04,0.0,0.0,0.0,0.27,0.0,0.0,0.0,0,0,4,0,0.0,0,0,0.0,0.0,0,7,4,0.5700000000000001,0,0,0,0,0,0,0.0,5,4,0.8,2,2,9,0,0,0,0.0,1,0,0.0,8,0,0,7,0,0,0,1,1,1,0.0,0.0,0,7,0,1,0,1,0,0,0,0,0,Penalty Kill,2,0,0,0,6,52,0,46,5,19,0,3,0,0,0,43,False,True,4,Loss
2024-11-09,Hood,0,0,0,4,3,0.75,0,4,3,0.75,0,0,0.0,0,0,0.0,0,1,0,0.0,0,0.0,0.0,0.0,2.0,2.0,1.0,0.1,0.0,0.0,0.0,1.79,0.0,0.0,0.0,0,0,1,0,0.0,0,0,0.0,0.0,0,9,5,0.56,0,0,0,0,0,0,0.0,5,4,0.8,0,0,7,0,0,0,0.0,0,0,0.0,8,0,0,6,0,0,0,1,1,1,0.0,0.0,0,3,3,0,2,0,6,0,2,0,1,Penalty Kill,2,0,0,0,4,0,1,1,2,24,0,0,0,8,0,53,True,False,0,Draw
2024-11-08,Arcadia University Knights,0,1,0,14,2,0.14,0,14,2,0.14,0,0,0.0,0,0,0.0,0,12,0,0.0,0,0.0,0.0,0.0,4.0,3.0,0.75,0.06,0.12,0.49,0.0,0.61,0.12,0.0,0.0,1,1,4,0,1.0,1,0,0.0,1.0,0,21,9,0.43,0,0,0,0,0,0,0.0,4,1,0.25,1,2,9,0,0,0,0.0,0,0,0.0,8,0,0,6,0,0,0,1,1,1,0.0,0.0,0,7,3,1,0,1,0,2,0,0,2,Penalty Kill,2,0,0,0,7,36,0,59,6,1,0,4,0,9,0,46,False,True,3,Loss
2024-11-08,Hood,0,1,1,5,2,0.4,0,4,2,0.5,1,0,0.0,0,0,0.0,0,3,1,0.0,0,0.0,0.0,0.0,2.0,1.0,0.5,0.05,0.14,1.27,0.0,1.41,0.14,0.0,0.0,1,1,2,0,1.0,0,0,0.0,1.0,0,15,5,0.33,0,0,0,3,2,1,0.67,4,3,0.75,0,3,4,0,0,0,0.0,1,0,0.0,7,0,0,5,0,0,0,2,2,2,0.0,0.0,0,1,0,2,2,0,9,0,4,0,0,Penalty Kill,2,0,0,0,4,31,0,49,3,9,0,12,0,6,0,30,True,False,1,Loss
2024-11-02,Hilbert College,0,1,0,9,4,0.44,1,8,4,0.5,1,0,0.0,0,0,0.0,0,5,1,0.0,0,0.0,0.0,0.0,8.0,7.0,0.88,0.05,0.0,0.0,0.0,0.29,0.0,0.0,0.0,1,1,1,0,1.0,0,0,0.0,1.0,0,27,13,0.48,0,0,0,0,0,0,0.0,11,7,0.64,0,3,9,0,0,0,0.0,0,0,0.0,11,0,0,8,0,0,0,4,4,4,0.0,0.0,0,1,0,1,0,0,2,2,0,0,0,Penalty Kill,2,0,0,0,6,1,1,22,4,1,0,13,0,18,0,51,False,False,3,Loss
2024-11-02,Hood,0,0,0,4,2,0.5,0,4,2,0.5,0,0,0.0,0,0,0.0,0,2,0,0.0,0,0.0,0.0,0.0,2.0,2.0,1.0,0.05,0.09,0.59,0.0,0.68,0.09,0.0,0.0,0,0,2,0,0.0,0,0,0.0,0.0,0,3,1,0.33,0,0,0,0,0,0,0.0,0,0,0.0,0,0,1,0,0,0,0.0,0,0,0.0,2,0,0,2,0,0,0,0,0,0,0.0,0.0,0,11,3,0,0,0,0,0,0,0,0,Penalty Kill,2,0,0,0,2,0,0,8,1,44,0,0,0,0,0,8,True,True,4,Loss
2024-11-01,Hilbert College,0,1,0,13,8,0.62,0,10,6,0.6,3,2,0.67,0,0,0.0,0,5,0,0.0,0,0.0,0.0,0.0,3.0,3.0,1.0,0.03,0.0,0.0,0.0,0.11,0.0,0.0,0.0,0,0,3,0,0.0,0,0,0.0,0.0,0,26,9,0.35000000000000003,0,0,0,0,0,0,0.0,9,5,0.56,0,3,12,0,0,0,0.0,0,0,0.0,19,0,0,14,0,0,0,5,5,5,0.0,0.0,0,5,2,3,2,0,4,4,3,0,4,Penalty Kill,2,0,0,0,8,0,2,16,4,41,0,12,0,24,1,40,False,False,2,Loss
2024-11-01,Hood,0,0,0,3,0,0.0,0,2,0,0.0,1,0,0.0,0,0,0.0,0,3,0,0.0,0,0.0,0.0,0.0,2.0,2.0,1.0,0.04,0.0,0.0,0.0,0.52,0.0,0.0,0.0,0,0,1,0,0.0,0,0,0.0,0.0,0,12,6,0.5,0,0,0,0,0,0,0.0,5,1,0.2,1,1,6,0,0,0,0.0,0,0,0.0,5,0,0,6,0,0,0,2,2,2,0.0,0.0,0,12,2,0,0,0,0,0,0,0,0,Penalty Kill,2,0,0,0,4,0,0,37,2,51,0,0,0,11,0,26,True,True,3,Loss
2025-02-22,Neumann Knights,1,0,0,4,4,1.0,0,0,0,0.0,1,1,1.0,3,3,1.0,1,0,3,0.0,0,5.0,1.0,0.2,0.0,0.0,0.0,0.02,0.03,-0.7,0.0,0.03,0.73,0.0,0.0,11,8,0,2,0.73,6,1,11.0,0.0,0,3,2,0.67,0,0,0,2,2,0,1.0,28,27,0.96,0,1,0,4,4,3,0.75,0,0,0.0,5,0,0,2,0,0,0,6,6,6,0.0,0.0,0,4,3,3,0,0,3,2,1,0,1,Power Play,0,0,4,47,0,0,4,16,0,3,3,19,0,27,0,30,False,True,2,Loss
2025-02-22,Hood,2,0,1,17,11,0.65,1,0,0,0.0,1,1,1.0,16,10,0.63,5,6,1,0.0,0,5.0,2.0,0.4,0.0,0.0,0.0,0.0,0.06,0.0,0.0,0.0,0.63,0.0,0.0,25,18,0,2,0.72,20,0,25.0,0.0,0,22,8,0.36,0,0,0,3,2,1,0.67,78,74,0.9500000000000001,4,3,0,3,14,11,0.79,0,0,0.0,19,0,0,10,0,0,0,7,7,7,0.0,0.0,0,14,1,10,0,0,0,8,0,0,0,Power Play,0,0,11,3,0,0,7,46,1,33,5,46,0,59,1,1,True,False,4,Loss
2025-02-21,Wilkes Colonels,0,1,0,6,2,0.33,0,0,0,0.0,0,0,0.0,6,2,0.33,0,4,1,0.0,0,2.0,0.0,0.0,0.0,0.0,0.0,0.0,0.09,0.0,0.0,0.0,0.62,0.0,0.0,4,3,0,1,0.75,3,0,4.0,0.0,0,12,5,0.42,0,0,0,0,0,0,0.0,12,11,0.92,1,1,0,0,1,1,1.0,0,0,0.0,5,0,0,2,0,0,0,1,1,1,0.0,0.0,0,5,1,3,0,0,0,3,0,0,1,Power Play,2,0,2,54,0,0,1,39,0,55,0,56,0,14,0,29,False,False,7,Loss
2025-02-21,Hood,1,0,1,2,1,0.5,0,0,0,0.0,0,0,0.0,2,1,0.5,2,1,4,0.0,0,2.0,1.0,0.5,0.0,0.0,0.0,0.16,0.08,-0.02,0.0,0.32,0.34,0.0,0.0,7,5,0,0,0.71,4,0,7.0,0.0,0,7,4,0.5700000000000001,0,0,0,0,0,0,0.0,40,36,0.9,0,0,0,3,3,3,1.0,0,0,0.0,2,0,0,0,0,0,0,4,4,4,0.0,0.0,0,3,1,4,2,0,2,0,0,0,0,Power Play,2,0,3,4,0,0,2,32,0,16,1,55,0,17,0,20,True,True,1,Draw
2025-02-14,Arcadia University Knights,0,1,1,5,4,0.8,0,0,0,0.0,1,1,1.0,4,3,0.75,3,1,3,0.0,0,3.0,0.0,0.0,0.0,0.0,0.0,0.29,0.06,-1.36,0.0,0.29,1.65,0.0,0.0,8,4,0,1,0.5,6,1,8.0,0.0,0,23,10,0.43,0,0,0,0,0,0,0.0,24,21,0.88,1,3,0,0,1,1,1.0,0,0,0.0,15,0,0,12,0,0,0,5,5,5,0.0,0.0,0,10,2,5,0,0,1,5,0,0,1,Power Play,2,0,6,16,0,0,3,55,1,42,1,40,0,47,1,27,False,False,4,Loss
2025-02-14,Hood,0,0,0,7,6,0.86,0,0,0,0.0,0,0,0.0,7,6,0.86,7,1,8,0.0,0,5.0,0.0,0.0,0.0,0.0,0.0,0.03,0.07,-0.51,0.0,0.07,0.58,0.0,0.0,27,15,0,5,0.56,13,6,27.0,0.0,0,8,2,0.25,0,0,0,1,1,0,1.0,79,74,0.9400000000000001,0,1,0,4,8,8,1.0,0,0,0.0,10,0,0,3,0,0,0,11,11,11,0.0,0.0,0,3,1,5,0,1,4,1,1,0,0,Power Play,2,0,6,22,0,0,5,33,0,26,4,59,0,16,0,18,True,True,1,Loss
2025-02-08,Alvernia Wolves,0,1,0,4,4,1.0,0,1,1,1.0,0,0,0.0,3,3,1.0,0,0,1,0.0,0,3.0,0.0,0.0,0.0,0.0,0.0,0.0,0.03,0.0,0.0,0.0,1.1,0.0,0.0,3,3,0,0,1.0,3,0,3.0,0.0,0,15,9,0.6,0,0,0,1,0,1,0.0,21,18,0.86,0,1,0,0,1,1,1.0,0,0,0.0,9,0,0,8,0,0,0,3,3,3,0.0,0.0,0,7,1,3,0,0,3,4,4,0,0,Power Play,2,0,3,53,0,0,2,10,1,19,1,5,0,14,0,51,False,True,4,Loss
2025-02-08,Hood,1,1,1,9,6,0.67,0,0,0,0.0,0,0,0.0,9,6,0.67,13,3,3,0.0,1,8.0,1.0,0.13,0.0,0.0,0.0,0.22,0.03,0.13,0.0,0.22,0.09,0.0,0.0,33,12,0,8,0.36,26,3,33.0,0.0,0,24,15,0.63,0,0,0,1,1,0,1.0,147,137,0.93,9,2,0,7,17,15,0.88,0,0,0.0,13,0,0,3,0,0,0,12,12,12,0.0,0.0,0,13,1,11,1,0,1,7,1,0,1,Power Play,2,0,14,41,0,0,12,35,1,4,10,38,0,50,1,8,True,False,0,Win
2025-02-07,Stevenson Mustangs,1,0,0,6,4,0.67,0,1,1,1.0,0,0,0.0,5,3,0.6,2,2,4,0.0,0,4.0,1.0,0.25,0.0,0.0,0.0,0.0,0.01,0.0,0.0,0.0,0.01,0.0,0.0,11,5,0,4,0.45,2,8,11.0,0.0,0,7,4,0.5700000000000001,0,0,0,0,0,0,0.0,29,26,0.9,1,4,1,3,5,4,0.8,0,0,0.0,10,0,0,7,0,0,0,4,4,4,0.0,0.0,0,15,2,5,0,0,0,4,0,0,0,Power Play,0,0,6,34,0,0,4,5,1,42,2,45,0,31,0,49,False,False,7,Loss
2025-02-07,Hood,1,0,0,4,1,0.25,0,0,0,0.0,2,0,0.0,2,1,0.5,0,3,0,0.0,0,3.0,1.0,0.33,0.0,0.0,0.0,0.18,0.07,-0.54,0.0,0.18,0.72,0.0,0.0,1,1,0,0,1.0,0,1,1.0,0.0,0,2,1,0.5,0,0,0,0,0,0,0.0,19,18,0.9500000000000001,0,0,0,0,3,1,0.33,0,0,0.0,1,0,0,3,0,0,0,0,0,0,0.0,0.0,0,2,2,4,2,0,2,1,1,0,0,Power Play,0,0,2,10,0,0,1,45,0,6,1,3,0,29,0,14,True,True,4,Loss
2025-02-01,King's Monarchs,0,0,0,7,3,0.43,0,0,0,0.0,1,0,0.0,6,3,0.5,6,4,2,0.0,0,8.0,0.0,0.0,0.0,0.0,0.0,0.12,0.05,-0.79,0.0,0.12,0.91,0.0,0.0,14,4,0,4,0.29,5,7,14.0,0.0,0,24,11,0.46,0,0,0,1,1,0,1.0,56,48,0.86,0,1,0,4,5,5,1.0,0,0,0.0,12,0,0,5,0,0,0,5,5,5,0.0,0.0,0,5,2,10,1,0,9,7,4,0,3,Power Play,0,0,8,0,0,0,5,27,1,39,3,11,1,15,1,1,False,True,3,Loss
2025-02-01,Hood,1,0,1,8,6,0.75,0,0,0,0.0,1,1,1.0,7,5,0.71,4,2,7,0.0,1,6.0,1.0,0.17,0.0,0.0,0.0,0.16,0.06,-0.64,0.0,0.16,0.8,0.0,0.0,19,11,0,4,0.58,13,3,19.0,0.0,0,14,4,0.29,0,0,0,1,1,0,1.0,46,42,0.91,10,2,0,1,7,5,0.71,1,1,1.0,8,0,0,2,0,0,0,10,10,10,0.0,0.0,0,12,2,5,1,0,3,8,2,0,2,Power Play,0,0,7,52,0,0,6,50,0,25,5,21,0,40,0,49,True,False,2,Loss
2025-01-31,Lebanon Valley Flying Dutchmen,0,0,0,4,2,0.5,0,1,0,0.0,0,0,0.0,3,2,0.67,0,2,3,0.0,0,3.0,0.0,0.0,0.0,0.0,0.0,0.0,0.03,0.0,0.0,0.0,1.11,0.0,0.0,6,3,0,3,0.5,2,2,6.0,0.0,0,10,7,0.7000000000000001,0,0,0,0,0,0,0.0,19,16,0.84,2,1,0,1,4,4,1.0,0,0,0.0,9,0,0,4,0,0,0,5,5,5,0.0,0.0,0,1,1,3,0,0,0,3,1,0,1,Power Play,0,0,4,0,0,0,2,39,0,55,1,58,0,21,0,20,False,False,6,Loss
2025-01-31,Hood,2,0,0,13,11,0.85,0,1,1,1.0,0,0,0.0,12,10,0.8300000000000001,10,2,8,0.0,0,6.0,2.0,0.33,0.0,0.0,0.0,0.04,0.05,-0.19,0.0,0.13,0.32,0.0,0.0,32,14,0,8,0.44,18,12,32.0,0.0,0,16,9,0.56,0,0,0,0,0,0,0.0,78,74,0.9500000000000001,0,0,0,3,15,15,1.0,0,0,0.0,14,0,0,3,0,0,0,10,10,10,0.0,0.0,0,2,0,7,2,0,5,6,2,0,4,Power Play,0,0,9,39,0,0,7,58,0,46,6,49,0,26,0,43,True,True,2,Draw
2025-01-24,Neumann Knights,1,0,0,6,4,0.67,0,1,1,1.0,1,1,1.0,4,2,0.5,2,2,3,0.0,0,4.0,1.0,0.25,0.0,0.0,0.0,0.04,0.05,-0.85,0.0,0.07,0.92,0.0,0.0,11,7,0,2,0.64,4,5,11.0,0.0,0,9,3,0.33,0,0,0,0,0,0,0.0,34,31,0.91,2,3,0,1,6,5,0.8300000000000001,0,0,0.0,5,0,0,2,0,0,0,2,2,2,0.0,0.0,0,6,1,6,0,1,2,4,1,0,2,Power Play,0,0,4,11,0,0,3,22,0,25,2,18,0,40,0,24,False,False,4,Loss
2025-01-24,Hood,1,0,0,11,8,0.73,0,1,1,1.0,0,0,0.0,10,7,0.7000000000000001,2,3,5,0.0,0,5.0,1.0,0.2,0.0,0.0,0.0,0.15,0.03,-0.21,0.0,0.15,0.36,0.0,0.0,18,12,1,4,0.67,10,4,18.0,0.0,0,15,6,0.4,0,0,0,1,0,1,0.0,68,60,0.88,0,0,1,3,9,6,0.67,0,0,0.0,14,0,0,4,0,0,0,4,4,4,0.0,0.0,0,2,2,8,1,0,7,4,1,0,3,Power Play,0,0,8,49,0,0,5,34,2,25,4,20,0,38,0,36,True,True,3,Loss
2025-01-23,Neumann Knights,0,0,1,10,7,0.7000000000000001,0,0,0,0.0,1,0,0.0,9,7,0.78,7,3,4,0.0,0,3.0,0.0,0.0,0.0,0.0,0.0,0.0,0.04,0.0,0.0,0.0,0.91,0.0,0.0,20,9,0,4,0.45,14,2,20.0,0.0,0,16,8,0.5,0,0,0,0,0,0,0.0,28,28,1.0,7,3,0,6,9,8,0.89,0,0,0.0,8,0,0,0,0,0,0,2,2,2,0.0,0.0,0,8,0,3,0,1,0,1,0,0,0,Power Play,0,0,4,50,0,0,4,14,0,7,3,42,0,23,0,9,False,False,0,Draw
2025-01-23,Hood,0,0,0,8,6,0.75,0,0,0,0.0,0,0,0.0,8,6,0.75,8,2,4,0.0,0,4.0,0.0,0.0,0.0,0.0,0.0,0.0,0.05,0.0,0.0,0.0,1.0,0.0,0.0,25,10,0,7,0.4,22,0,25.0,0.0,0,16,7,0.44,0,0,0,0,0,0,0.0,64,63,0.98,0,0,0,2,9,8,0.89,0,0,0.0,9,0,0,3,0,0,0,10,10,10,0.0,0.0,0,2,1,5,1,0,4,3,2,0,1,Power Play,0,0,8,0,0,0,6,40,0,55,5,49,0,11,0,39,True,True,1,Loss
2025-01-18,Lebanon Valley Flying Dutchmen,0,0,0,8,5,0.63,0,0,0,0.0,3,2,0.67,5,3,0.6,2,3,2,0.0,0,3.0,0.0,0.0,0.0,0.0,0.0,0.29,0.12,-2.1,0.0,0.29,2.4,0.0,0.0,7,2,0,3,0.29,3,3,7.0,0.0,0,16,9,0.56,0,0,0,3,3,0,1.0,35,31,0.89,0,5,0,2,5,2,0.4,0,0,0.0,9,0,0,6,0,0,0,1,1,1,0.0,0.0,0,2,0,3,0,0,3,4,2,0,2,Power Play,0,0,6,0,0,0,4,24,0,51,2,52,0,45,0,48,False,True,4,Loss
2025-01-18,Hood,2,0,0,8,6,0.75,0,0,0,0.0,0,0,0.0,8,6,0.75,4,2,9,0.0,0,4.0,2.0,0.5,0.0,0.0,0.0,0.12,0.04,-0.04,0.0,0.23,0.27,0.0,0.0,20,12,0,4,0.6,9,3,20.0,0.0,0,4,3,0.75,0,0,0,0,0,0,0.0,41,37,0.9,6,1,0,2,8,7,0.88,0,0,0.0,12,0,0,1,0,0,0,10,10,10,0.0,0.0,0,3,0,3,1,0,2,2,1,0,1,Power Play,0,0,5,2,0,0,3,44,0,40,3,8,0,16,0,20,True,False,1,Win
2025-01-17,Lebanon Valley Flying Dutchmen,0,1,0,6,2,0.33,0,0,0,0.0,1,1,1.0,5,1,0.2,0,4,2,0.0,0,3.0,0.0,0.0,0.0,0.0,0.0,0.0,0.07,0.0,0.0,0.0,0.63,0.0,0.0,6,4,0,2,0.67,4,0,6.0,0.0,0,17,9,0.53,0,0,0,2,1,1,0.5,30,22,0.73,0,0,1,0,2,2,1.0,0,0,0.0,5,0,0,3,0,0,0,3,3,3,0.0,0.0,0,1,0,5,2,0,3,1,0,0,1,Power Play,2,0,5,0,0,0,2,40,1,35,1,39,0,30,0,31,False,True,3,Loss
2025-01-17,Hood,0,0,0,6,5,0.8300000000000001,0,1,1,1.0,2,2,1.0,3,2,0.67,3,1,2,0.0,0,4.0,0.0,0.0,0.0,0.0,0.0,0.17,0.05,0.05,0.0,0.34,0.29,0.0,0.0,9,2,0,4,0.22,5,1,9.0,0.0,0,6,2,0.33,0,0,0,1,1,0,1.0,42,38,0.9,2,0,0,0,4,4,1.0,0,0,0.0,5,0,0,3,0,0,0,5,5,5,0.0,0.0,0,8,0,9,1,0,2,3,1,0,0,Power Play,2,0,5,0,0,0,3,57,0,18,2,41,0,26,0,50,True,False,0,Draw
2025-01-10,Alvernia Wolves,0,0,0,5,2,0.4,0,0,0,0.0,1,1,1.0,4,1,0.25,0,3,1,0.0,0,3.0,0.0,0.0,0.0,0.0,0.0,0.0,0.05,0.0,0.0,0.0,0.61,0.0,0.0,2,1,0,1,0.5,0,0,2.0,0.0,0,11,5,0.45,0,0,0,1,1,0,1.0,25,22,0.88,2,6,0,0,2,1,0.5,0,0,0.0,6,0,0,9,0,0,0,2,2,2,0.0,0.0,0,15,2,4,0,0,0,4,0,0,0,Power Play,0,0,6,0,0,0,4,28,0,47,2,27,0,54,1,6,False,False,7,Loss
2025-01-10,Hood,0,0,0,4,2,0.5,0,0,0,0.0,0,0,0.0,4,2,0.5,3,2,3,0.0,0,2.0,0.0,0.0,0.0,0.0,0.0,0.09,0.14,-0.1,0.0,0.18,0.28,0.0,0.0,12,3,0,6,0.25,0,9,12.0,0.0,0,7,2,0.29,0,0,0,0,0,0,0.0,36,35,0.97,0,2,0,1,3,2,0.67,0,0,0.0,4,0,0,1,0,0,0,6,6,6,0.0,0.0,0,6,3,2,1,0,1,2,1,0,1,Power Play,0,0,4,0,0,0,3,27,0,15,3,7,0,15,0,5,True,True,3,Loss
2025-01-09,Alvernia Wolves,0,0,0,0,0,0.0,0,0,0,0.0,0,0,0.0,0,0,0.0,0,0,0,0.0,0,0.0,0.0,0.0,0.0,0.0,0.0,0.0,0.05,0.0,0.0,0.0,0.86,0.0,0.0,0,0,0,0,0.0,0,0,0.0,0.0,0,0,0,0.0,0,0,0,0,0,0,0.0,0,0,0.0,0,0,0,0,0,0,0.0,0,0,0.0,0,0,0,0,0,0,0,0,0,0,0.0,0.0,0,0,0,0,0,0,0,0,0,0,0,Power Play,0,0,0,0,0,0,0,0,0,0,0,0,0,0,0,0,False,False,3,Loss
2025-01-09,Hood,0,0,1,8,8,1.0,0,0,0,0.0,0,0,0.0,8,8,1.0,3,0,6,0.0,0,3.0,0.0,0.0,0.0,0.0,0.0,0.0,0.0,0.0,0.0,0.0,0.0,0.0,0.0,18,11,0,4,0.61,16,0,18.0,0.0,0,11,5,0.45,0,0,0,0,0,0,0.0,35,35,1.0,0,0,0,0,7,7,1.0,0,0,0.0,8,0,0,2,0,0,0,7,7,7,0.0,0.0,0,0,0,1,1,0,0,1,1,0,0,Power Play,0,0,3,54,0,0,3,13,0,12,2,58,0,8,0,6,True,True,0,Draw
2025-01-07,King's Monarchs,0,0,1,7,5,0.71,0,1,1,1.0,1,1,1.0,5,3,0.6,4,2,2,0.0,0,2.0,0.0,0.0,0.0,0.0,0.0,0.0,0.06,0.0,0.0,0.0,0.49,0.0,0.0,7,2,0,1,0.29,4,0,7.0,0.0,0,14,4,0.29,0,0,0,0,0,0,0.0,17,17,1.0,2,2,0,0,1,1,1.0,0,0,0.0,9,0,0,5,0,0,0,1,1,1,0.0,0.0,0,9,1,9,0,0,0,8,0,0,0,Power Play,0,0,5,8,0,0,3,38,0,53,1,32,0,42,1,24,False,False,4,Loss
2025-01-07,Hood,3,0,0,4,4,1.0,0,0,0,0.0,1,1,1.0,3,3,1.0,2,0,3,0.0,0,4.0,3.0,0.75,0.0,0.0,0.0,0.11,0.05,-0.26,0.0,0.11,0.37,0.0,0.0,8,6,0,0,0.75,3,1,8.0,0.0,0,13,8,0.62,0,0,0,4,3,1,0.75,19,18,0.9500000000000001,0,1,0,2,5,5,1.0,0,0,0.0,8,0,0,2,0,0,0,3,3,3,0.0,0.0,0,4,1,3,0,0,3,2,0,0,2,Power Play,0,0,3,13,0,0,2,42,0,24,2,7,0,19,0,15,True,True,1,Win
2024-12-06,King's Monarchs,0,0,0,6,5,0.8300000000000001,0,0,0,0.0,2,2,1.0,4,3,0.75,0,1,3,0.0,0,3.0,0.0,0.0,0.0,0.0,0.0,0.17,0.05,-0.64,0.0,0.34,0.98,0.0,0.0,8,4,0,4,0.5,0,5,8.0,0.0,0,8,3,0.38,0,0,0,0,0,0,0.0,23,23,1.0,2,3,0,0,4,4,1.0,0,0,0.0,7,0,0,2,0,0,0,4,4,4,0.0,0.0,0,10,3,3,0,0,2,3,0,0,1,Power Play,0,0,4,0,0,0,3,15,0,13,2,13,0,38,0,24,False,False,0,Draw
2024-12-06,Hood,0,1,1,10,7,0.7000000000000001,0,0,0,0.0,2,2,1.0,8,5,0.63,6,3,5,0.0,0,5.0,0.0,0.0,0.0,0.0,0.0,0.0,0.06,0.0,0.0,0.0,0.48,0.0,0.0,20,8,0,6,0.4,5,11,20.0,0.0,0,20,9,0.45,0,0,0,6,5,1,0.8300000000000001,57,52,0.91,0,0,0,0,11,10,0.91,1,1,1.0,12,0,0,7,0,0,0,7,7,7,0.0,0.0,0,2,2,11,0,0,11,6,3,0,3,Power Play,0,0,8,57,0,0,6,36,1,30,4,53,0,52,0,51,True,True,3,Loss
2024-12-01,Massachusetts College of Liberal Arts,0,0,0,3,1,0.33,0,0,0,0.0,1,1,1.0,2,0,0.0,1,2,0,0.0,0,2.0,0.0,0.0,0.0,0.0,0.0,0.0,0.03,0.0,0.0,0.0,0.25,0.0,0.0,3,0,0,2,0.0,1,2,3.0,0.0,0,9,4,0.44,0,0,0,1,1,0,1.0,19,16,0.84,0,0,1,0,1,1,1.0,0,0,0.0,6,0,0,5,0,0,0,3,3,3,0.0,0.0,0,2,0,5,1,0,4,6,4,0,2,Power Play,0,0,4,0,0,0,2,9,1,7,0,59,0,21,0,49,False,True,2,Loss
2024-12-01,Hood,0,0,0,7,4,0.5700000000000001,0,1,1,1.0,1,1,1.0,5,2,0.4,5,3,1,0.0,0,4.0,0.0,0.0,0.0,0.0,0.0,0.08,0.02,0.18,0.0,0.25,0.07,0.0,0.0,9,4,0,0,0.44,2,5,9.0,0.0,0,12,2,0.17,0,0,0,2,2,0,1.0,19,17,0.89,3,0,0,0,2,2,1.0,0,0,0.0,10,0,0,7,0,0,0,0,0,0,0.0,0.0,0,16,5,8,0,1,1,7,0,0,3,Power Play,0,0,6,0,0,0,4,34,1,0,2,19,0,48,1,27,True,False,1,Loss
2024-11-30,Massachusetts College of Liberal Arts,0,1,1,15,12,0.8,1,3,3,1.0,1,1,1.0,11,8,0.73,10,3,2,0.0,1,6.0,0.0,0.0,0.0,0.0,0.0,0.15,0.07,-0.81,0.0,0.15,0.96,0.0,0.0,17,5,0,2,0.29,4,11,17.0,0.0,0,34,13,0.38,0,0,0,9,6,3,0.67,36,31,0.86,1,4,3,1,8,6,0.75,0,0,0.0,21,0,0,13,0,0,0,2,2,2,0.0,0.0,0,2,0,12,2,1,9,9,5,0,4,Power Play,2,0,10,59,0,0,6,30,3,0,4,0,0,37,1,53,False,True,2,Loss
2024-11-30,Hood,1,0,0,6,3,0.5,0,1,1,1.0,2,0,0.0,3,2,0.67,1,3,4,0.0,0,4.0,1.0,0.25,0.0,0.0,0.0,0.07,0.04,-0.44,0.0,0.21,0.65,0.0,0.0,14,7,0,6,0.5,2,10,14.0,0.0,0,16,6,0.38,0,0,0,7,6,1,0.86,36,35,0.97,2,0,0,0,6,5,0.8300000000000001,0,0,0.0,7,0,0,5,0,0,0,7,7,7,0.0,0.0,0,11,0,10,0,3,4,6,0,0,2,Power Play,2,0,6,45,0,0,4,56,1,2,3,28,0,28,1,0,True,False,1,Draw
2024-11-24,Wilkes Colonels,0,1,0,4,2,0.5,0,0,0,0.0,0,0,0.0,4,2,0.5,1,2,2,0.0,0,3.0,0.0,0.0,0.0,0.0,0.0,0.25,0.06,-1.06,0.0,0.51,1.57,0.0,0.0,6,5,0,0,0.8300000000000001,0,5,6.0,0.0,0,16,7,0.44,0,0,0,1,1,0,1.0,26,24,0.92,0,4,0,0,1,1,1.0,0,0,0.0,7,0,0,5,0,0,0,4,4,4,0.0,0.0,0,1,0,4,0,0,4,6,4,0,2,Power Play,2,0,5,36,0,0,2,59,1,50,1,25,0,38,0,56,False,True,7,Loss
2024-11-24,Hood,1,0,0,11,4,0.36,0,0,0,0.0,3,1,0.33,8,3,0.38,6,7,12,0.0,0,7.0,1.0,0.14,0.0,0.0,0.0,0.1,0.04,-0.06,0.0,0.2,0.26,0.0,0.0,26,14,0,6,0.54,2,17,26.0,0.0,0,7,4,0.5700000000000001,0,0,0,8,8,0,1.0,56,54,0.96,7,0,0,5,9,7,0.78,0,0,0.0,11,0,0,3,0,0,0,11,11,11,0.0,0.0,0,7,0,14,0,1,1,3,0,0,1,Power Play,2,0,8,40,0,0,6,56,0,59,5,5,1,7,0,44,True,False,1,Draw
2024-11-23,Wilkes Colonels,0,1,0,9,2,0.22,1,3,0,0.0,0,0,0.0,6,2,0.33,1,7,0,0.0,0,5.0,0.0,0.0,0.0,0.0,0.0,0.0,0.06,0.0,0.0,0.0,1.21,0.0,0.0,2,0,2,1,0.0,1,0,2.0,0.0,0,34,13,0.38,0,0,0,0,0,0,0.0,47,40,0.85,0,5,1,0,3,1,0.33,0,0,0.0,18,0,0,24,0,0,0,2,2,2,0.0,0.0,0,0,0,4,1,0,3,10,4,0,6,Power Play,2,0,8,51,0,0,4,22,3,27,1,28,0,52,2,1,False,True,5,Loss
2024-11-23,Hood,0,0,0,8,5,0.63,0,0,0,0.0,0,0,0.0,8,5,0.63,3,3,6,0.0,0,3.0,0.0,0.0,0.0,0.0,0.0,0.04,0.02,0.3,0.0,0.34,0.04,0.0,0.0,20,11,0,6,0.55,8,0,20.0,0.0,0,9,2,0.22,0,0,0,2,2,0,1.0,25,24,0.96,9,0,0,1,9,7,0.78,0,0,0.0,7,0,0,1,0,0,0,10,10,10,0.0,0.0,0,2,1,5,3,0,3,3,2,0,1,Power Play,2,0,4,51,0,0,3,34,0,41,3,2,0,14,0,18,True,False,0,Draw
2024-11-17,Stevenson Mustangs,0,0,0,11,4,0.36,1,1,0,0.0,2,0,0.0,8,4,0.5,6,7,2,0.0,0,6.0,0.0,0.0,0.0,0.0,0.0,0.04,0.05,-0.29,0.0,0.04,0.33,0.0,0.0,18,10,0,2,0.56,7,7,18.0,0.0,0,17,12,0.71,0,0,0,1,0,1,0.0,42,36,0.86,0,1,0,0,6,5,0.8300000000000001,0,0,0.0,11,0,0,6,0,0,0,3,3,3,0.0,0.0,0,2,0,6,1,1,4,4,3,0,1,Power Play,0,0,7,59,0,0,6,2,0,52,4,24,0,43,0,54,False,True,4,Loss
2024-11-17,Hood,1,0,0,4,3,0.75,0,0,0,0.0,0,0,0.0,4,3,0.75,2,1,2,0.0,0,4.0,1.0,0.25,0.0,0.0,0.0,0.01,0.04,-0.7,0.0,0.01,0.71,0.0,0.0,7,4,0,1,0.5700000000000001,2,2,7.0,0.0,0,11,5,0.45,0,0,0,2,2,0,1.0,25,24,0.96,1,0,1,1,4,3,0.75,0,0,0.0,5,0,0,3,0,0,0,4,4,4,0.0,0.0,0,3,0,6,1,0,0,4,1,0,1,Power Play,0,0,4,7,0,0,3,7,0,38,2,2,0,25,0,40,True,False,1,Draw
2024-11-09,Arcadia University Knights,0,0,0,4,1,0.25,0,0,0,0.0,0,0,0.0,4,1,0.25,1,3,1,0.0,0,2.0,0.0,0.0,0.0,0.0,0.0,0.0,0.1,0.0,0.0,0.0,1.79,0.0,0.0,7,3,0,3,0.43,4,2,7.0,0.0,0,9,4,0.44,0,0,0,0,0,0,0.0,17,15,0.88,0,3,0,0,2,2,1.0,0,0,0.0,3,0,0,5,0,0,0,2,2,2,0.0,0.0,0,3,1,4,1,1,2,6,4,0,2,Power Play,0,0,4,0,0,0,2,24,1,1,1,10,0,18,0,56,False,True,4,Loss
2024-11-09,Hood,2,0,1,9,7,0.78,0,0,0,0.0,1,1,1.0,8,6,0.75,4,2,9,0.0,0,4.0,1.0,0.25,0.0,0.0,0.0,0.0,0.04,0.0,0.0,0.0,0.27,0.0,0.0,18,10,0,4,0.56,13,0,18.0,0.0,0,7,3,0.43,0,0,0,2,1,1,0.5,67,62,0.93,10,1,0,5,14,12,0.86,0,0,0.0,12,0,0,3,0,0,0,6,6,6,0.0,0.0,0,9,1,8,0,0,0,3,0,0,0,Power Play,0,0,6,52,0,0,5,19,0,46,4,28,0,39,0,12,True,False,0,Win
2024-11-08,Arcadia University Knights,1,1,1,5,3,0.6,0,0,0,0.0,1,1,1.0,4,2,0.5,2,2,3,0.0,0,2.0,1.0,0.5,0.0,0.0,0.0,0.14,0.05,-1.27,0.0,0.14,1.41,0.0,0.0,10,6,0,2,0.6,1,6,10.0,0.0,0,15,10,0.67,0,0,0,1,1,0,1.0,38,34,0.89,0,0,1,1,6,3,0.5,0,0,0.0,9,0,0,6,0,0,0,4,4,4,0.0,0.0,0,0,0,4,3,0,1,2,2,0,0,Power Play,2,0,4,31,0,0,3,9,0,49,1,59,0,34,0,36,False,True,3,Loss
2024-11-08,Hood,1,0,1,14,12,0.86,0,0,0,0.0,0,0,0.0,14,12,0.86,4,2,9,0.0,0,4.0,1.0,0.25,0.0,0.0,0.0,0.12,0.06,-0.49,0.0,0.12,0.61,0.0,0.0,26,18,0,4,0.6900000000000001,14,5,26.0,0.0,0,21,12,0.5700000000000001,0,0,0,7,4,3,0.5700000000000001,67,66,0.99,7,0,0,5,7,7,1.0,1,0,0.0,16,0,0,5,0,0,0,13,13,13,0.0,0.0,0,11,1,11,0,1,1,4,0,0,0,Power Play,2,0,7,36,0,0,6,1,0,59,4,53,0,38,0,29,True,False,1,Draw
2024-11-02,Hilbert College,0,0,0,4,2,0.5,0,0,0,0.0,0,0,0.0,4,2,0.5,2,2,1,0.0,0,2.0,0.0,0.0,0.0,0.0,0.0,0.09,0.05,-0.59,0.0,0.09,0.68,0.0,0.0,6,3,0,1,0.5,3,0,6.0,0.0,0,3,2,0.67,0,0,0,0,0,0,0.0,12,12,1.0,2,0,0,0,2,1,0.5,0,0,0.0,4,0,0,1,0,0,0,0,0,0,0.0,0.0,0,1,0,2,0,0,1,0,1,0,1,Power Play,0,0,2,0,0,0,1,44,0,8,1,27,0,6,0,11,False,False,3,Loss
2024-11-02,Hood,1,0,1,9,5,0.56,0,0,0,0.0,1,1,1.0,8,4,0.5,1,4,4,0.0,1,8.0,1.0,0.13,0.0,0.0,0.0,0.0,0.05,0.0,0.0,0.0,0.29,0.0,0.0,13,9,0,3,0.6900000000000001,7,4,13.0,0.0,0,27,14,0.52,0,0,0,5,4,1,0.8,29,22,0.76,0,0,0,0,1,1,1.0,0,0,0.0,12,0,0,6,0,0,0,4,4,4,0.0,0.0,0,0,0,8,1,0,7,10,5,0,5,Power Play,0,0,6,1,0,0,4,1,1,22,2,6,0,31,1,23,True,True,4,Loss
2024-11-01,Hilbert College,0,0,0,3,3,1.0,0,0,0,0.0,1,1,1.0,2,2,1.0,1,0,1,0.0,0,2.0,0.0,0.0,0.0,0.0,0.0,0.0,0.04,0.0,0.0,0.0,0.52,0.0,0.0,4,1,0,2,0.25,0,4,4.0,0.0,0,12,6,0.5,0,0,0,0,0,0,0.0,29,26,0.9,0,1,0,1,3,1,0.33,0,0,0.0,7,0,0,5,0,0,0,1,1,1,0.0,0.0,0,6,1,6,2,0,1,7,3,0,1,Power Play,0,0,4,0,0,0,2,51,0,37,1,26,0,33,0,52,False,False,2,Loss
2024-11-01,Hood,0,0,1,13,5,0.38,0,0,0,0.0,3,1,0.33,10,4,0.4,3,8,3,0.0,0,3.0,0.0,0.0,0.0,0.0,0.0,0.0,0.03,0.0,0.0,0.0,0.11,0.0,0.0,14,11,0,0,0.79,3,7,14.0,0.0,0,26,17,0.65,0,0,0,2,2,0,1.0,34,30,0.88,0,2,0,2,4,4,1.0,0,0,0.0,12,0,0,13,0,0,0,2,2,2,0.0,0.0,0,2,1,6,2,0,4,8,4,0,4,Power Play,0,0,8,0,0,0,4,41,2,16,2,41,0,32,1,28,True,True,3,Loss
2025-02-22,Neumann Knights,4,6,4,61,32,0.52,3,29,11,0.38,14,10,0.71,18,11,0.61,12,29,16,0.62,5,5.0,1.0,0.2,5.0,3.0,0.6,0.04,0.04,0.67,1.57,2.6,1.88,0.64,0.94,58,35,13,11,0.6,44,4,11.0,2.0,1,130,76,0.58,45,25,60,18,13,5,0.72,155,121,0.78,10,29,16,5,13,9,0.6900000000000001,10,9,0.9,116,26,65,80,41,25,14,33,6,5,9.0,13.0,25,41,18,39,13,4,22,41,21,0,20,Total,12,0,4,47,11,3,27,14,24,6,14,41,5,17,7,16,False,True,2,Win
2025-02-22,Hood,2,4,6,61,29,0.48,5,18,7,0.39,14,4,0.29,29,18,0.62,13,32,11,0.38,3,5.0,2.0,0.4,5.0,4.0,0.8,0.04,0.04,-0.67,1.06,1.88,2.6,0.94,0.64,53,33,12,7,0.62,40,3,25.0,0.0,0,130,54,0.42,60,25,45,10,7,3,0.7000000000000001,187,142,0.76,4,22,16,9,17,14,0.8200000000000001,9,4,0.44,104,24,52,71,39,19,13,29,7,3,3.0,16.0,28,42,16,43,11,2,30,34,19,1,14,Total,12,0,11,3,4,47,24,6,27,14,11,20,4,45,8,1,True,False,4,Loss
2025-02-21,Wilkes Colonels,1,3,2,64,26,0.41000000000000003,0,32,14,0.44,18,5,0.28,14,7,0.5,1,38,4,0.14,1,2.0,0.0,0.0,2.0,1.0,0.5,0.07,0.08,-5.9,0.87,1.15,7.0,1.15,1.0,17,14,20,2,0.8200000000000001,13,1,4.0,0.0,0,233,111,0.48,41,33,159,3,2,1,0.67,170,114,0.67,2,18,27,1,2,2,1.0,6,3,0.5,111,20,78,90,35,28,27,20,1,0,4.0,15.0,13,32,11,23,5,1,17,35,12,3,20,Total,6,0,2,54,3,4,17,20,35,38,3,24,3,24,10,31,False,False,7,Loss
2025-02-21,Hood,7,2,3,64,38,0.59,1,14,7,0.5,18,13,0.72,32,18,0.56,20,26,44,0.86,0,2.0,1.0,0.5,2.0,2.0,1.0,0.08,0.07,5.9,1.0,7.0,1.15,1.0,1.15,89,58,1,11,0.65,51,10,7.0,2.0,0,233,122,0.52,159,33,41,12,9,3,0.75,344,291,0.85,16,29,8,15,40,27,0.68,6,4,0.67,119,42,41,74,52,17,5,36,4,1,26.0,5.0,36,46,12,55,15,9,31,31,18,1,12,Total,6,0,3,4,2,54,35,38,17,20,22,3,5,32,8,3,True,True,1,Win
2025-02-14,Arcadia University Knights,1,4,4,52,22,0.42,0,31,11,0.35000000000000003,13,5,0.38,8,6,0.75,7,30,10,0.17,0,3.0,0.0,0.0,5.0,5.0,1.0,0.06,0.06,-4.2,0.65,1.54,5.8,1.54,1.45,24,13,23,4,0.54,14,7,8.0,1.0,0,205,89,0.43,50,43,112,4,3,1,0.75,193,128,0.66,1,33,30,0,3,2,0.67,4,3,0.75,128,24,95,107,39,36,32,40,5,6,2.0,27.0,9,46,16,25,7,4,14,43,23,1,19,Total,8,0,6,16,6,22,21,53,30,40,5,25,4,40,11,48,False,False,4,Loss
2025-02-14,Hood,4,4,4,52,30,0.58,0,8,2,0.25,13,8,0.62,31,20,0.65,23,22,30,0.8300000000000001,0,5.0,0.0,0.0,3.0,3.0,1.0,0.06,0.06,4.3,0.69,5.8,1.54,1.45,1.54,101,52,7,26,0.51,60,20,27.0,2.0,0,205,116,0.5700000000000001,112,43,50,21,11,10,0.52,346,265,0.77,13,29,9,14,29,25,0.86,10,6,0.6,138,44,47,88,64,19,5,29,11,2,12.0,4.0,47,54,18,61,13,5,43,41,30,0,11,Total,8,0,6,22,6,16,30,40,21,53,18,55,5,44,6,1,True,True,1,Win
2025-02-08,Alvernia Wolves,0,7,3,46,21,0.46,2,23,9,0.39,13,6,0.46,10,6,0.6,4,25,2,0.38,2,3.0,0.0,0.0,8.0,7.0,0.88,0.03,0.04,-2.5,0.0,0.71,3.2,0.0,0.8,26,17,18,5,0.65,23,3,3.0,0.0,0,176,86,0.49,51,30,95,7,4,3,0.5700000000000001,129,83,0.64,2,26,26,4,2,2,1.0,3,2,0.67,106,34,58,88,46,21,21,21,3,5,4.0,9.0,14,38,10,22,3,4,15,25,15,1,9,Total,37,0,3,53,14,41,16,35,36,42,5,14,4,3,7,18,False,True,4,Loss
2025-02-08,Hood,4,3,7,46,25,0.54,2,10,4,0.4,13,7,0.54,23,14,0.61,18,21,14,0.62,2,8.0,1.0,0.13,3.0,3.0,1.0,0.04,0.03,2.5,1.25,3.2,0.71,0.8,0.0,72,36,4,18,0.5,58,4,33.0,1.0,0,176,90,0.51,95,30,51,8,6,2,0.75,350,294,0.84,18,23,6,14,31,26,0.84,5,4,0.8,111,27,55,72,38,25,9,34,12,0,11.0,11.0,29,42,15,45,10,5,30,36,22,0,14,Total,37,0,14,41,3,53,36,42,16,35,22,23,4,23,9,57,True,False,0,Win
2025-02-07,Stevenson Mustangs,4,2,4,51,26,0.51,1,16,6,0.38,17,9,0.53,18,11,0.61,7,25,14,0.45,1,4.0,1.0,0.25,3.0,2.0,0.67,0.06,0.08,-1.0,1.53,2.6,3.6,0.65,0.52,46,31,6,8,0.67,7,36,11.0,0.0,0,112,61,0.54,52,10,50,6,4,2,0.67,209,145,0.6900000000000001,3,39,22,8,13,11,0.85,12,6,0.5,131,32,69,96,64,13,19,27,4,0,10.0,13.0,30,55,11,40,12,7,21,37,22,1,14,Total,4,0,6,34,2,10,25,19,26,28,12,3,4,24,8,52,False,False,7,Loss
2025-02-07,Hood,7,4,2,51,25,0.49,1,18,7,0.39,17,8,0.47000000000000003,16,10,0.63,6,26,23,0.55,1,3.0,1.0,0.33,4.0,3.0,0.75,0.08,0.06,1.0,1.93,3.6,2.6,0.52,0.65,44,25,7,13,0.5700000000000001,4,31,1.0,1.0,0,112,51,0.46,50,10,52,12,6,6,0.5,240,171,0.71,3,20,22,14,16,10,0.63,14,7,0.5,122,24,74,95,55,23,17,24,0,3,10.0,11.0,24,47,20,57,15,1,41,50,31,3,16,Total,4,0,2,10,6,34,26,28,25,19,10,33,5,36,10,19,True,True,4,Win
2025-02-01,King's Monarchs,2,5,4,58,22,0.38,1,23,9,0.39,15,3,0.2,20,10,0.5,15,36,19,0.5,0,8.0,0.0,0.0,6.0,5.0,0.8300000000000001,0.1,0.05,1.88,0.44,4.6,2.7,2.3,0.89,46,20,12,11,0.43,21,13,14.0,1.0,0,212,107,0.5,69,48,95,8,6,2,0.75,232,180,0.78,6,31,23,7,15,12,0.8,6,1,0.17,101,21,58,81,42,20,19,26,5,4,8.0,9.0,22,36,11,48,11,3,34,49,32,0,17,Total,10,0,8,0,7,52,26,6,26,16,10,34,5,40,9,52,False,True,3,Loss
2025-02-01,Hood,3,4,5,58,36,0.62,0,20,10,0.5,15,12,0.8,23,14,0.61,12,22,17,0.5,1,6.0,1.0,0.17,8.0,8.0,1.0,0.05,0.1,-1.88,1.12,2.7,4.6,0.89,2.3,51,30,15,9,0.59,30,9,19.0,1.0,0,212,105,0.5,95,48,69,6,4,2,0.67,207,164,0.79,17,20,15,7,15,11,0.73,6,2,0.33,115,31,58,81,42,23,16,25,10,2,6.0,7.0,26,48,21,40,9,2,29,37,25,0,12,Total,10,0,7,52,8,0,26,16,26,6,13,45,4,39,7,52,True,False,2,Win
2025-01-31,Lebanon Valley Flying Dutchmen,2,6,2,54,19,0.35000000000000003,1,30,6,0.2,15,9,0.6,9,4,0.44,10,35,10,0.38,0,3.0,0.0,0.0,6.0,4.0,0.67,0.04,0.05,-2.7,1.24,1.61,4.4,0.81,0.72,41,19,21,12,0.46,26,11,6.0,0.0,0,166,89,0.54,55,29,82,2,2,0,1.0,213,156,0.73,7,25,23,7,15,13,0.87,4,4,1.0,105,29,62,79,40,25,14,31,5,3,8.0,15.0,14,30,9,35,6,6,23,37,19,1,17,Total,12,0,4,0,9,39,21,28,30,41,8,25,4,7,8,56,False,False,6,Loss
2025-01-31,Hood,6,2,6,54,35,0.65,0,9,5,0.56,15,6,0.4,30,24,0.8,21,19,26,0.62,1,6.0,2.0,0.33,3.0,3.0,1.0,0.05,0.04,2.7,1.38,4.4,1.61,0.72,0.81,91,49,10,21,0.54,55,28,32.0,3.0,0,166,77,0.46,82,29,55,6,5,1,0.8300000000000001,297,239,0.8,13,19,5,6,26,25,0.96,10,4,0.4,126,31,58,68,41,22,5,44,10,3,19.0,12.0,37,39,8,47,16,4,27,39,25,0,14,Total,12,0,9,39,4,0,30,41,21,28,17,26,4,55,8,19,True,True,2,Win
2025-01-24,Neumann Knights,3,5,3,58,25,0.43,0,26,10,0.38,13,7,0.54,19,8,0.42,24,33,12,0.46,0,4.0,1.0,0.25,5.0,4.0,0.8,0.04,0.06,-2.0,1.34,2.2,4.2,0.74,1.41,58,25,19,9,0.43,19,32,11.0,2.0,0,199,108,0.54,70,36,93,16,7,9,0.44,269,205,0.76,5,27,21,3,23,21,0.91,5,5,1.0,110,25,69,75,37,27,11,35,2,10,10.0,13.0,16,43,12,38,5,6,27,49,29,0,20,Total,10,0,4,11,8,49,29,22,27,20,12,20,6,25,10,37,False,False,4,Loss
2025-01-24,Hood,4,3,5,58,33,0.5700000000000001,0,19,11,0.58,13,6,0.46,26,16,0.62,19,25,23,0.54,0,5.0,1.0,0.2,4.0,3.0,0.75,0.06,0.04,2.0,0.71,4.2,2.2,1.41,0.74,72,40,24,13,0.56,36,26,18.0,1.0,1,199,91,0.46,93,36,70,16,11,5,0.6900000000000001,272,203,0.75,9,26,14,8,22,18,0.8200000000000001,11,6,0.55,117,33,60,75,48,16,11,25,4,3,14.0,4.0,24,40,17,50,15,5,30,37,13,0,24,Total,10,0,8,49,4,11,27,20,29,22,15,39,5,24,6,18,True,True,3,Win
2025-01-23,Neumann Knights,1,5,3,55,28,0.51,0,17,4,0.24,10,7,0.7000000000000001,28,17,0.61,29,27,20,0.65,0,3.0,0.0,0.0,4.0,4.0,1.0,0.05,0.05,0.85,0.25,4.0,3.2,4.0,0.0,82,34,23,19,0.41000000000000003,63,2,20.0,0.0,0,225,123,0.55,112,25,88,5,4,1,0.8,204,163,0.8,22,31,26,11,24,23,0.96,3,1,0.33,98,19,51,60,28,21,11,35,2,3,21.0,9.0,28,55,8,35,8,9,18,31,21,2,8,Total,10,0,4,50,8,0,27,29,24,27,16,54,3,33,7,2,False,False,0,Win
2025-01-23,Hood,0,3,4,55,27,0.49,0,28,11,0.39,10,3,0.3,17,13,0.76,23,28,10,0.35000000000000003,0,4.0,0.0,0.0,3.0,3.0,1.0,0.05,0.05,-0.85,0.0,3.2,4.0,0.0,4.0,59,27,29,9,0.46,52,0,25.0,0.0,0,225,102,0.45,88,25,112,7,4,3,0.5700000000000001,199,163,0.8200000000000001,10,27,30,4,16,15,0.9400000000000001,5,3,0.6,96,24,51,66,31,17,18,34,10,4,8.0,12.0,21,56,14,31,4,5,22,29,13,0,16,Total,10,0,8,0,4,50,24,27,27,29,13,4,3,55,7,28,True,True,1,Loss
2025-01-18,Lebanon Valley Flying Dutchmen,1,4,3,53,20,0.38,0,24,7,0.29,13,6,0.46,16,7,0.44,14,33,7,0.37,0,3.0,0.0,0.0,4.0,2.0,0.5,0.04,0.09,-5.6,0.69,1.45,7.0,1.45,1.76,40,10,13,16,0.25,20,10,7.0,1.0,0,156,82,0.53,45,31,80,9,5,4,0.56,214,162,0.76,6,22,18,7,16,13,0.81,11,6,0.55,109,25,71,88,44,28,16,32,1,1,12.0,18.0,13,30,8,34,3,0,31,46,21,2,23,Total,8,0,6,0,5,2,23,41,28,26,8,32,4,19,10,50,False,True,4,Loss
2025-01-18,Hood,4,3,4,53,33,0.62,0,16,9,0.56,13,7,0.54,24,17,0.71,13,20,37,0.63,0,4.0,2.0,0.5,3.0,3.0,1.0,0.09,0.04,5.6,0.57,7.0,1.45,1.76,1.45,76,47,14,16,0.62,45,11,20.0,2.0,0,156,74,0.47000000000000003,80,31,45,15,8,7,0.53,303,245,0.81,17,15,10,7,29,22,0.76,11,8,0.73,123,35,59,83,50,21,12,39,10,4,19.0,6.0,29,35,12,56,29,2,25,44,29,0,15,Total,8,0,5,2,6,0,28,26,23,41,16,12,4,43,7,31,True,False,1,Win
2025-01-17,Lebanon Valley Flying Dutchmen,0,3,3,51,13,0.25,0,25,6,0.24,11,3,0.27,15,4,0.27,6,38,7,0.24,0,3.0,0.0,0.0,4.0,4.0,1.0,0.04,0.08,-4.6,0.0,1.05,5.7,0.0,1.88,26,16,16,4,0.62,16,7,6.0,0.0,0,194,95,0.49,48,32,114,3,1,2,0.33,191,142,0.74,4,22,16,2,6,5,0.8300000000000001,9,7,0.78,100,20,73,85,46,27,12,26,3,1,5.0,17.0,7,22,8,33,13,3,17,42,27,0,15,Total,6,0,5,0,5,0,20,13,30,9,5,3,4,35,10,36,False,True,3,Loss
2025-01-17,Hood,3,3,3,51,38,0.75,0,15,11,0.73,11,8,0.73,25,19,0.76,16,13,32,0.76,0,4.0,0.0,0.0,3.0,3.0,1.0,0.08,0.04,4.6,0.53,5.7,1.05,1.88,0.0,73,48,6,9,0.66,47,10,9.0,2.0,0,194,99,0.51,114,32,48,18,13,5,0.72,274,236,0.86,11,13,4,6,23,16,0.7000000000000001,12,7,0.58,122,33,57,81,48,25,8,30,5,2,17.0,6.0,32,32,15,59,28,4,27,50,34,0,16,Total,6,0,5,0,5,0,30,9,20,13,17,14,4,42,8,13,True,False,0,Win
2025-01-10,Alvernia Wolves,3,2,3,53,24,0.45,0,22,6,0.27,15,11,0.73,16,7,0.44,6,29,8,0.22,0,3.0,0.0,0.0,2.0,2.0,1.0,0.06,0.07,-4.8,2.1,1.42,6.0,0.47,0.9,24,15,22,3,0.63,1,13,2.0,0.0,0,194,83,0.43,39,41,114,9,6,3,0.67,176,140,0.8,2,33,22,2,3,2,0.67,8,5,0.63,103,22,67,80,35,30,15,28,2,2,5.0,19.0,14,45,14,29,9,6,14,43,23,0,20,Total,4,0,6,0,4,0,22,30,27,13,6,44,5,16,10,31,False,False,7,Loss
2025-01-10,Hood,7,3,2,53,29,0.55,0,16,9,0.56,15,4,0.27,22,16,0.73,22,24,32,0.78,0,2.0,0.0,0.0,3.0,3.0,1.0,0.07,0.06,4.9,1.12,6.0,1.42,0.9,0.47,91,40,6,29,0.44,19,54,12.0,2.0,0,194,111,0.5700000000000001,114,41,39,17,15,2,0.88,205,169,0.8200000000000001,13,35,22,4,19,16,0.84,8,7,0.88,112,34,48,61,35,14,12,35,6,2,21.0,6.0,30,62,21,50,13,10,27,37,21,0,16,Total,4,0,4,0,6,0,27,13,22,30,16,47,4,53,5,32,True,True,3,Win
2025-01-09,Alvernia Wolves,0,2,0,46,18,0.39,0,26,5,0.19,11,7,0.64,9,6,0.67,11,28,7,0.37,0,0.0,0.0,0.0,3.0,3.0,1.0,0.04,0.06,-3.5,0.0,1.3,4.8,0.0,1.61,36,13,21,12,0.36,21,6,0.0,0.0,0,276,135,0.49,84,59,133,5,4,1,0.8,162,131,0.81,8,30,24,4,8,8,1.0,6,4,0.67,117,35,73,98,42,39,17,22,0,3,9.0,10.0,9,41,16,33,7,5,21,38,22,0,16,Total,4,0,0,0,3,54,22,35,29,6,6,2,5,22,11,10,False,False,3,Loss
2025-01-09,Hood,3,0,2,46,28,0.61,0,9,3,0.33,11,4,0.36,26,21,0.81,21,18,25,0.63,0,3.0,0.0,0.0,0.0,0.0,0.0,0.06,0.04,3.5,0.62,4.8,1.3,1.61,0.0,79,46,11,12,0.58,56,7,18.0,0.0,0,276,141,0.51,133,59,84,12,6,6,0.5,245,212,0.87,9,24,14,2,25,24,0.96,11,6,0.55,126,41,50,83,54,25,4,36,7,0,18.0,11.0,35,49,18,59,26,4,29,34,27,0,7,Total,4,0,3,54,0,0,29,6,22,35,15,29,5,25,8,11,True,True,0,Win
2025-01-07,King's Monarchs,1,4,3,41,20,0.49,1,15,6,0.4,12,7,0.58,14,7,0.5,12,21,10,0.38,0,2.0,0.0,0.0,4.0,1.0,0.25,0.06,0.05,-0.81,0.47,2.1,2.9,2.1,0.73,34,11,11,11,0.32,25,3,7.0,0.0,0,208,103,0.5,89,52,67,14,6,8,0.43,210,169,0.8,5,24,16,4,8,7,0.88,1,0,0.0,112,26,66,93,49,28,16,22,1,0,7.0,14.0,20,39,12,44,11,6,27,46,27,1,18,Total,8,0,5,8,3,13,25,16,25,58,9,16,5,23,10,36,False,False,4,Loss
2025-01-07,Hood,4,3,4,41,21,0.51,0,14,7,0.5,12,5,0.42,15,9,0.6,11,20,19,0.63,1,4.0,3.0,0.75,2.0,2.0,1.0,0.05,0.06,0.81,1.36,2.9,2.1,0.73,2.1,54,35,12,8,0.65,40,2,8.0,1.0,0,208,105,0.5,67,52,89,24,15,9,0.63,200,169,0.85,7,23,20,4,18,14,0.78,8,5,0.63,124,29,66,84,53,18,13,20,3,1,10.0,6.0,29,43,12,53,13,2,38,42,23,3,16,Total,8,0,3,13,5,8,25,58,25,16,12,21,5,17,8,20,True,True,1,Win
2024-12-06,King's Monarchs,3,5,2,59,35,0.59,0,24,12,0.5,14,11,0.79,21,12,0.5700000000000001,14,24,16,0.6,0,3.0,0.0,0.0,5.0,5.0,1.0,0.05,0.06,-0.26,0.64,3.1,3.4,1.57,0.0,62,29,12,19,0.47000000000000003,14,37,8.0,2.0,0,204,100,0.49,90,39,75,19,15,4,0.79,177,145,0.8200000000000001,16,21,15,7,17,16,0.9400000000000001,7,3,0.43,119,30,68,78,42,18,18,30,4,4,13.0,9.0,21,42,15,39,8,5,26,42,21,0,21,Total,12,0,4,0,8,57,25,54,25,37,12,20,5,24,8,10,False,False,0,Win
2024-12-06,Hood,0,3,5,59,24,0.41000000000000003,0,21,9,0.43,14,3,0.21,24,12,0.5,12,35,19,0.4,0,5.0,0.0,0.0,3.0,3.0,1.0,0.06,0.05,0.26,0.0,3.4,3.1,0.0,1.57,55,27,14,16,0.49,14,32,20.0,0.0,0,204,104,0.51,75,39,90,18,12,6,0.67,206,162,0.79,7,24,16,2,18,17,0.9400000000000001,11,6,0.55,107,20,63,79,40,26,13,43,7,2,15.0,19.0,24,29,9,47,12,4,31,43,33,0,10,Total,12,0,8,57,4,0,25,37,25,54,12,36,4,17,8,44,True,True,3,Loss
2024-12-01,Massachusetts College of Liberal Arts,1,3,2,51,17,0.33,1,23,11,0.48,8,1,0.13,20,5,0.25,12,34,9,0.44,2,2.0,0.0,0.0,4.0,4.0,1.0,0.04,0.04,-1.06,0.59,1.7,2.8,1.7,1.38,44,23,18,9,0.52,5,31,3.0,0.0,0,256,125,0.49,104,41,111,13,10,3,0.77,226,173,0.77,6,17,23,1,10,9,0.9,10,5,0.5,101,20,66,81,48,19,14,25,3,2,8.0,12.0,15,33,12,53,8,4,41,41,23,0,18,Total,6,0,4,0,6,0,28,5,26,52,12,13,3,53,11,59,False,True,2,Loss
2024-12-01,Hood,2,2,3,51,34,0.67,2,20,15,0.75,8,7,0.88,23,12,0.52,18,17,13,0.56,1,4.0,0.0,0.0,2.0,2.0,1.0,0.04,0.04,1.06,0.72,2.8,1.7,1.38,1.7,64,35,12,11,0.55,21,34,9.0,3.0,0,256,131,0.51,111,41,104,12,10,2,0.8300000000000001,195,150,0.77,8,20,13,2,11,10,0.91,9,5,0.56,118,27,64,84,49,24,11,26,0,1,12.0,13.0,27,40,10,50,9,4,37,42,19,0,23,Total,6,0,6,0,4,0,26,52,28,5,13,10,4,32,9,10,True,False,1,Win
2024-11-30,Massachusetts College of Liberal Arts,1,5,7,63,37,0.59,2,19,10,0.53,12,8,0.67,32,19,0.59,19,26,6,0.49,2,6.0,0.0,0.0,4.0,3.0,0.75,0.04,0.05,-0.33,0.48,2.1,2.4,2.1,1.21,52,29,15,4,0.56,19,28,17.0,1.0,0,173,78,0.45,74,24,75,29,25,4,0.86,178,135,0.76,3,18,36,3,18,13,0.72,7,5,0.71,122,23,68,90,54,22,14,23,2,5,8.0,8.0,31,47,15,44,5,6,33,41,19,0,22,Total,10,0,10,59,6,45,27,17,25,8,11,22,3,50,12,4,False,True,2,Loss
2024-11-30,Hood,2,7,5,63,26,0.41000000000000003,2,32,13,0.41000000000000003,12,4,0.33,19,9,0.47000000000000003,15,37,12,0.51,2,4.0,1.0,0.25,6.0,6.0,1.0,0.05,0.04,0.33,0.83,2.4,2.1,1.21,2.1,53,26,19,12,0.49,19,26,14.0,3.0,0,173,95,0.55,75,24,74,29,21,8,0.72,169,128,0.76,4,32,22,4,13,10,0.77,11,4,0.36,109,25,59,88,57,14,17,21,7,3,6.0,5.0,25,60,8,52,16,6,30,37,21,1,15,Total,10,0,6,45,10,59,25,8,27,17,12,6,3,38,9,23,True,False,1,Win
2024-11-24,Wilkes Colonels,1,6,4,57,25,0.44,0,31,14,0.45,18,7,0.39,8,4,0.5,1,32,7,0.12,0,3.0,0.0,0.0,7.0,6.0,0.86,0.07,0.08,-7.0,0.75,1.33,9.0,1.33,1.22,19,15,19,3,0.79,1,13,6.0,2.0,0,152,69,0.45,33,29,90,14,14,0,1.0,178,120,0.67,0,11,15,3,2,1,0.5,9,6,0.67,106,15,84,95,35,38,22,28,4,3,2.0,19.0,7,22,7,27,3,1,23,44,23,0,21,Total,12,0,5,36,8,40,18,27,33,40,4,29,4,9,9,49,False,True,7,Loss
2024-11-24,Hood,7,4,6,57,32,0.56,0,8,4,0.5,18,11,0.61,31,17,0.55,19,25,56,0.88,0,7.0,1.0,0.14,3.0,3.0,1.0,0.08,0.07,7.0,0.82,9.0,1.33,1.22,1.33,108,65,1,24,0.6,12,64,26.0,2.0,0,152,83,0.55,90,29,33,46,46,0,1.0,280,237,0.85,19,21,9,19,29,25,0.86,10,5,0.5,126,46,33,66,53,9,4,47,11,2,27.0,7.0,47,33,5,74,24,6,44,33,26,0,8,Total,12,0,8,40,5,36,33,40,18,27,21,14,5,37,6,49,True,False,1,Win
2024-11-23,Wilkes Colonels,0,3,5,56,20,0.36,3,35,11,0.31,11,6,0.55,10,3,0.3,4,36,3,0.1,3,5.0,0.0,0.0,3.0,3.0,1.0,0.04,0.07,-9.0,0.0,0.65,9.0,0.0,1.88,15,8,27,3,0.53,10,0,2.0,0.0,0,324,159,0.49,58,39,227,2,2,0,1.0,221,166,0.75,2,27,10,1,5,3,0.6,5,3,0.6,110,16,86,102,47,27,28,39,2,5,4.0,28.0,8,32,7,19,4,2,13,44,14,0,30,Total,6,0,8,51,4,51,18,55,33,26,4,13,3,32,11,10,False,True,5,Loss
2024-11-23,Hood,5,5,3,56,36,0.64,3,10,7,0.7000000000000001,11,5,0.45,35,24,0.6900000000000001,27,20,54,0.9,3,3.0,0.0,0.0,5.0,5.0,1.0,0.07,0.04,9.0,0.53,9.0,0.65,1.88,0.0,139,77,4,35,0.55,90,4,20.0,8.0,0,324,165,0.51,227,39,58,9,8,1,0.89,274,231,0.84,29,17,7,6,34,28,0.8200000000000001,14,12,0.86,123,32,47,60,40,9,11,60,10,3,44.0,3.0,44,27,12,70,28,5,37,33,21,0,12,Total,6,0,4,51,8,51,33,26,18,55,22,30,4,59,5,57,True,False,0,Win
2024-11-17,Stevenson Mustangs,1,3,4,49,25,0.51,2,19,11,0.58,14,4,0.29,16,10,0.63,16,24,8,0.33,1,6.0,0.0,0.0,4.0,3.0,0.75,0.04,0.05,-1.65,0.57,1.75,3.4,1.75,0.85,46,24,13,6,0.52,25,16,18.0,1.0,0,220,112,0.51,82,34,104,13,8,5,0.62,188,140,0.74,3,30,20,0,11,9,0.8200000000000001,4,2,0.5,109,22,67,87,47,20,20,27,3,1,8.0,15.0,20,45,11,38,13,7,18,48,29,0,19,Total,6,0,7,59,4,7,25,25,26,16,10,13,4,49,10,24,False,True,4,Loss
2024-11-17,Hood,4,4,3,49,24,0.49,1,16,6,0.38,14,10,0.71,19,8,0.42,13,25,15,0.67,2,4.0,1.0,0.25,6.0,6.0,1.0,0.05,0.04,1.65,1.18,3.4,1.75,0.85,1.75,62,40,16,9,0.65,30,15,7.0,1.0,0,220,108,0.49,104,34,82,30,21,9,0.7000000000000001,231,183,0.79,5,19,18,9,16,13,0.81,13,5,0.38,118,28,61,80,49,20,11,32,4,6,18.0,4.0,29,42,15,51,16,4,31,48,32,0,16,Total,6,0,4,7,7,59,26,16,25,25,13,35,5,22,7,19,True,False,1,Win
2024-11-09,Arcadia University Knights,0,4,2,46,15,0.33,1,31,12,0.39,7,1,0.14,8,2,0.25,4,31,6,0.18,3,2.0,0.0,0.0,4.0,3.0,0.75,0.05,0.07,-5.1,0.0,1.05,6.0,0.0,1.53,22,10,24,8,0.45,15,3,7.0,0.0,0,209,96,0.46,58,31,120,3,0,3,0.0,171,122,0.71,5,19,19,1,5,4,0.8,5,3,0.6,90,12,69,78,28,26,24,24,2,1,4.0,17.0,9,26,8,26,7,4,15,39,22,0,17,Total,8,0,4,0,6,52,18,39,33,25,4,44,3,20,10,35,False,True,4,Loss
2024-11-09,Hood,4,2,4,46,31,0.67,3,8,6,0.75,7,6,0.86,31,19,0.61,24,15,35,0.8200000000000001,1,4.0,1.0,0.25,2.0,2.0,1.0,0.07,0.05,5.1,0.65,6.0,1.05,1.53,0.0,87,46,4,17,0.53,67,7,18.0,0.0,0,209,113,0.54,120,31,58,24,19,5,0.79,278,222,0.8,22,19,9,8,29,22,0.76,4,1,0.25,119,34,42,60,41,13,6,30,6,1,15.0,8.0,43,40,10,58,12,5,41,35,21,0,14,Total,8,0,6,52,4,0,33,25,18,39,19,46,6,16,7,23,True,False,0,Win
2024-11-08,Arcadia University Knights,1,5,3,54,17,0.31,0,34,8,0.24,10,4,0.4,10,5,0.5,11,37,10,0.28,0,2.0,1.0,0.5,4.0,3.0,0.75,0.05,0.06,-4.3,0.57,1.76,6.0,1.76,2.0,37,18,24,8,0.49,12,16,10.0,1.0,0,250,123,0.49,73,53,124,8,5,3,0.63,182,139,0.76,5,30,53,2,12,9,0.75,9,4,0.44,108,22,70,87,43,29,15,30,4,1,8.0,17.0,16,66,29,30,11,5,14,35,19,3,13,Total,10,0,4,31,7,36,21,9,32,4,7,13,4,41,9,15,False,True,3,Loss
2024-11-08,Hood,3,3,5,54,37,0.6900000000000001,0,10,5,0.5,10,6,0.6,34,26,0.76,24,17,37,0.72,0,4.0,1.0,0.25,2.0,1.0,0.5,0.06,0.05,4.3,0.5,6.0,1.76,2.0,1.76,95,58,11,13,0.61,55,22,26.0,1.0,0,250,127,0.51,124,53,73,55,42,13,0.76,309,273,0.88,15,44,19,17,24,19,0.79,12,8,0.67,119,34,49,71,43,19,9,39,13,2,18.0,6.0,36,77,19,59,15,6,38,39,28,3,8,Total,10,0,7,36,4,31,32,4,21,9,18,37,6,21,7,5,True,False,1,Win
2024-11-02,Hilbert College,4,5,1,42,22,0.52,2,18,8,0.44,9,6,0.67,15,8,0.53,13,20,17,0.67,2,2.0,0.0,0.0,8.0,7.0,0.88,0.05,0.06,0.45,1.17,2.6,2.1,0.85,0.7,50,30,9,7,0.6,27,10,6.0,1.0,0,165,82,0.5,87,16,62,3,1,2,0.33,138,113,0.8200000000000001,5,19,16,3,13,12,0.92,4,1,0.25,69,19,33,40,28,2,10,23,0,4,13.0,6.0,17,27,3,34,10,7,17,25,13,1,11,Total,10,0,2,0,6,1,16,41,13,45,8,32,3,10,4,59,False,False,3,Win
2024-11-02,Hood,3,1,4,42,20,0.48,2,15,7,0.47000000000000003,9,3,0.33,18,10,0.56,9,22,11,0.33,2,8.0,1.0,0.13,2.0,2.0,1.0,0.06,0.05,-0.45,1.42,2.1,2.6,0.7,0.85,34,18,13,7,0.53,17,7,13.0,0.0,0,165,83,0.5,62,16,87,12,9,3,0.75,99,67,0.68,2,7,7,1,3,3,1.0,3,3,1.0,65,5,44,46,24,14,8,14,4,0,3.0,7.0,16,21,12,26,9,1,16,32,15,0,17,Total,10,0,6,1,2,0,13,45,16,41,5,14,2,32,5,59,True,True,4,Loss
2024-11-01,Hilbert College,3,4,2,71,42,0.59,0,26,14,0.54,19,12,0.63,26,16,0.62,13,29,26,0.63,1,2.0,0.0,0.0,3.0,3.0,1.0,0.06,0.04,2.2,0.68,4.4,2.2,1.48,1.12,75,51,12,11,0.68,7,47,4.0,0.0,0,264,127,0.48,112,57,95,16,13,3,0.81,248,203,0.8200000000000001,8,23,27,8,16,13,0.81,5,4,0.8,129,38,59,82,43,26,13,44,1,5,25.0,13.0,32,49,8,49,14,4,31,41,21,2,18,Total,8,0,4,0,8,0,29,48,22,25,14,3,5,40,10,4,False,False,2,Win
2024-11-01,Hood,2,2,4,71,29,0.41000000000000003,1,26,10,0.38,19,7,0.37,26,12,0.46,12,42,12,0.37,0,3.0,0.0,0.0,2.0,2.0,1.0,0.04,0.06,-2.2,0.89,2.2,4.4,1.12,1.48,56,39,13,5,0.7000000000000001,9,34,14.0,0.0,0,264,137,0.52,95,57,112,16,15,1,0.9400000000000001,221,157,0.71,6,14,29,3,7,7,1.0,8,4,0.5,115,31,57,87,40,29,18,26,2,2,7.0,15.0,27,43,14,36,8,3,25,32,17,0,15,Total,8,0,8,0,4,0,22,25,29,48,9,21,4,8,8,56,True,True,3,Loss
